unit_price,promotion,day_of_week,month,quarter,lag_1,lag_7,rolling_7,product_encoded,aisle_encoded
4.98,1,3,8,3,0.0,0.0,0.0,0,1
10.85,1,3,8,3,5.0,0.0,0.0,0,4
27.32,0,5,9,3,2.0,0.0,0.0,0,3
10.34,1,2,10,4,5.0,0.0,0.0,0,0
28.49,1,1,10,4,4.0,0.0,0.0,0,9
1.36,1,4,10,4,2.0,0.0,0.0,0,4
17.53,1,3,11,4,1.0,0.0,2.857142857142857,0,9
27.63,0,0,11,4,1.0,5.0,2.5714285714285716,0,1
10.01,1,3,11,4,3.0,2.0,2.4285714285714284,0,10
23.11,1,4,12,4,1.0,5.0,1.8571428571428572,0,1
16.88,0,6,12,4,1.0,4.0,1.4285714285714286,0,4
26.42,1,2,1,1,1.0,2.0,1.5714285714285714,0,1
19.17,0,3,1,1,3.0,1.0,1.8571428571428572,0,10
19.28,1,3,1,1,3.0,1.0,1.8571428571428572,0,0
9.53,0,6,1,1,1.0,3.0,1.8571428571428572,0,3
12.39,1,6,1,1,3.0,1.0,2.4285714285714284,0,3
7.27,0,3,2,1,5.0,1.0,2.5714285714285716,0,8
14.63,1,3,2,1,2.0,1.0,2.5714285714285716,0,0
2.78,0,2,2,1,1.0,3.0,2.2857142857142856,0,4
2.26,1,1,3,1,1.0,3.0,2.4285714285714284,0,6
14.22,0,6,3,1,4.0,1.0,2.857142857142857,0,10
20.16,1,4,3,1,4.0,3.0,2.5714285714285716,0,4
17.3,1,5,4,2,1.0,5.0,2.0,0,5
9.14,0,4,4,2,1.0,2.0,2.0,0,8
13.13,0,5,4,2,2.0,1.0,2.0,0,9
7.85,1,1,4,2,1.0,1.0,2.142857142857143,0,2
1.61,1,1,4,2,2.0,4.0,1.8571428571428572,0,0
22.11,1,4,5,2,2.0,4.0,2.0,0,3
25.33,1,0,5,2,5.0,1.0,2.142857142857143,0,4
10.6,1,1,5,2,2.0,1.0,2.4285714285714284,0,4
25.17,1,2,5,2,3.0,2.0,2.7142857142857144,0,4
15.96,1,4,5,2,4.0,1.0,2.857142857142857,0,3
13.41,1,4,5,2,2.0,2.0,3.142857142857143,0,3
20.75,1,5,5,2,4.0,2.0,3.2857142857142856,0,0
7.5,1,3,5,2,3.0,5.0,2.7142857142857144,0,1
11.17,1,0,6,2,1.0,2.0,3.0,0,6
20.91,1,4,6,2,4.0,3.0,2.857142857142857,0,4
23.49,1,3,6,2,2.0,4.0,2.857142857142857,0,6
14.97,1,2,6,2,4.0,2.0,3.2857142857142856,0,5
28.67,1,3,7,3,5.0,4.0,3.2857142857142856,0,5
13.79,1,5,7,3,4.0,3.0,3.4285714285714284,0,10
10.84,1,5,7,3,4.0,1.0,4.0,0,3
28.72,1,2,7,3,5.0,4.0,4.0,0,3
22.55,1,3,7,3,4.0,2.0,4.285714285714286,0,7
9.34,1,0,8,3,4.0,4.0,4.285714285714286,0,6
25.0,1,1,9,3,4.0,5.0,3.857142857142857,0,5
19.28,1,2,10,4,2.0,4.0,3.857142857142857,0,6
1.18,1,2,10,4,4.0,4.0,3.857142857142857,0,3
27.48,1,1,10,4,4.0,5.0,3.857142857142857,0,3
5.06,1,3,10,4,5.0,4.0,4.0,0,6
18.74,1,4,10,4,5.0,4.0,4.0,0,6
10.52,0,0,10,4,4.0,4.0,3.857142857142857,0,4
28.53,1,4,11,4,3.0,2.0,3.7142857142857144,0,1
27.68,0,1,11,4,1.0,4.0,3.7142857142857144,0,8
22.13,1,5,11,4,4.0,4.0,3.857142857142857,0,6
28.99,1,4,11,4,5.0,5.0,3.857142857142857,0,10
26.92,0,6,11,4,5.0,5.0,3.7142857142857144,0,1
5.31,1,4,12,4,4.0,4.0,3.857142857142857,0,1
1.12,1,2,12,4,5.0,3.0,4.142857142857143,0,4
14.41,1,3,12,4,5.0,1.0,4.571428571428571,0,4
2.28,0,4,1,1,4.0,4.0,4.571428571428571,0,3
9.41,1,0,1,1,4.0,5.0,4.0,0,4
1.71,1,6,1,1,1.0,5.0,3.857142857142857,0,7
14.54,1,6,2,1,4.0,4.0,3.857142857142857,0,4
19.97,1,0,2,1,4.0,5.0,3.5714285714285716,0,8
27.23,1,0,2,1,3.0,5.0,3.0,0,9
15.03,1,2,2,1,1.0,4.0,3.0,0,6
14.39,1,1,2,1,4.0,4.0,3.142857142857143,0,10
14.33,1,2,2,1,5.0,1.0,3.5714285714285716,0,9
15.74,1,5,3,1,4.0,4.0,3.4285714285714284,0,5
21.88,1,5,3,1,3.0,4.0,3.142857142857143,0,2
23.97,1,1,3,1,2.0,3.0,3.2857142857142856,0,10
14.57,1,2,3,1,4.0,1.0,3.5714285714285716,0,0
23.68,1,3,3,1,3.0,4.0,3.5714285714285716,0,8
4.83,1,4,3,1,4.0,5.0,3.0,0,10
29.33,0,1,3,1,1.0,4.0,3.142857142857143,0,2
5.36,0,4,3,1,5.0,3.0,3.2857142857142856,0,5
6.03,1,5,3,1,4.0,2.0,3.7142857142857144,0,8
16.95,1,2,4,2,5.0,4.0,3.7142857142857144,0,6
11.74,1,3,4,2,4.0,3.0,4.0,0,8
6.53,1,1,4,2,5.0,4.0,3.5714285714285716,0,0
22.99,1,3,4,2,1.0,1.0,4.0,0,6
1.01,1,2,4,2,4.0,5.0,3.857142857142857,0,10
18.29,1,5,4,2,4.0,4.0,3.857142857142857,0,7
21.92,1,6,4,2,4.0,5.0,3.5714285714285716,0,9
5.06,1,1,4,2,3.0,4.0,3.5714285714285716,0,9
13.44,1,3,5,2,4.0,5.0,3.2857142857142856,0,3
8.17,1,3,5,2,3.0,1.0,3.2857142857142856,0,8
15.95,1,1,5,2,1.0,4.0,3.0,0,5
12.08,1,3,5,2,2.0,4.0,2.5714285714285716,0,4
21.65,1,0,5,2,1.0,4.0,2.2857142857142856,0,1
19.41,1,2,6,2,2.0,3.0,2.4285714285714284,0,0
2.82,1,4,6,2,4.0,4.0,2.2857142857142856,0,9
18.67,1,5,6,2,3.0,3.0,2.0,0,7
10.07,0,0,6,2,1.0,1.0,2.0,0,10
23.47,0,3,6,2,1.0,2.0,2.0,0,8
19.25,1,0,6,2,2.0,1.0,2.142857142857143,0,6
15.26,1,2,6,2,2.0,2.0,2.5714285714285716,0,0
29.31,1,5,7,3,5.0,4.0,2.5714285714285716,0,10
29.77,1,5,7,3,4.0,3.0,2.4285714285714284,0,6
5.64,0,1,7,3,2.0,1.0,3.0,0,6
7.37,1,2,7,3,5.0,1.0,3.5714285714285716,0,1
18.86,1,1,8,3,5.0,2.0,3.7142857142857144,0,4
13.06,1,5,8,3,0.0,0.0,0.0,1,1
23.45,1,0,8,3,3.0,0.0,0.0,1,7
20.75,1,5,8,3,3.0,0.0,0.0,1,2
3.12,1,4,9,3,3.0,0.0,0.0,1,1
20.08,1,6,9,3,4.0,0.0,0.0,1,8
5.31,1,0,9,3,1.0,0.0,0.0,1,1
26.14,1,5,9,3,4.0,0.0,3.0,1,3
11.25,1,0,9,3,3.0,3.0,2.7142857142857144,1,3
4.66,1,3,10,4,1.0,3.0,3.0,1,4
18.81,1,5,10,4,5.0,3.0,3.2857142857142856,1,0
3.61,1,0,10,4,5.0,4.0,3.0,1,1
12.15,1,2,10,4,2.0,1.0,3.4285714285714284,1,1
28.55,1,1,10,4,4.0,4.0,3.2857142857142856,1,10
10.6,1,5,11,4,3.0,3.0,3.2857142857142856,1,1
28.03,0,5,11,4,3.0,1.0,3.857142857142857,1,3
10.39,1,1,12,4,5.0,5.0,3.857142857142857,1,8
3.25,1,4,12,4,5.0,5.0,3.5714285714285716,1,1
11.2,1,6,12,4,3.0,2.0,4.0,1,7
27.73,1,5,1,1,5.0,4.0,3.5714285714285716,1,6
9.72,1,3,1,1,1.0,3.0,3.5714285714285716,1,1
27.83,1,4,1,1,3.0,3.0,3.857142857142857,1,10
20.49,1,5,1,1,5.0,5.0,3.7142857142857144,1,8
12.97,1,5,2,1,4.0,5.0,3.2857142857142856,1,6
14.34,1,6,2,1,2.0,3.0,3.5714285714285716,1,2
25.61,1,0,2,1,5.0,5.0,3.4285714285714284,1,2
14.81,0,0,2,1,4.0,1.0,4.0,1,5
1.69,0,3,3,1,5.0,3.0,3.7142857142857144,1,0
16.87,1,3,3,1,1.0,5.0,3.142857142857143,1,1
12.18,1,4,3,1,1.0,4.0,2.7142857142857144,1,3
26.61,1,1,4,2,1.0,2.0,3.142857142857143,1,2
26.51,1,3,4,2,5.0,5.0,2.857142857142857,1,7
5.81,1,3,4,2,3.0,4.0,2.4285714285714284,1,10
28.07,1,3,5,2,1.0,5.0,2.142857142857143,1,8
29.6,1,5,5,2,3.0,1.0,2.7142857142857144,1,3
28.4,1,6,5,2,5.0,1.0,2.7142857142857144,1,1
25.98,1,4,5,2,1.0,1.0,2.7142857142857144,1,0
1.76,1,0,5,2,1.0,5.0,2.7142857142857144,1,1
21.67,1,0,5,2,5.0,3.0,3.0,1,4
17.13,1,6,6,2,5.0,1.0,3.2857142857142856,1,10
22.53,1,6,6,2,3.0,3.0,3.0,1,10
24.86,1,1,7,3,1.0,5.0,2.4285714285714284,1,5
15.62,0,5,7,3,1.0,1.0,3.0,1,0
7.05,1,2,7,3,5.0,1.0,3.2857142857142856,1,1
4.5,1,1,7,3,3.0,5.0,3.0,1,9
4.65,1,3,7,3,3.0,5.0,3.0,1,10
27.7,1,5,7,3,5.0,3.0,3.142857142857143,1,10
23.33,1,6,7,3,4.0,1.0,3.4285714285714284,1,5
19.73,1,3,8,3,3.0,1.0,3.857142857142857,1,8
6.97,1,5,8,3,4.0,5.0,3.4285714285714284,1,6
3.97,1,6,8,3,2.0,3.0,3.142857142857143,1,3
10.83,1,1,8,3,1.0,3.0,2.857142857142857,1,1
17.69,1,3,8,3,1.0,5.0,2.5714285714285716,1,3
26.01,1,5,8,3,3.0,4.0,2.7142857142857144,1,7
6.09,1,4,9,3,5.0,3.0,2.4285714285714284,1,8
12.03,1,2,9,3,1.0,4.0,2.2857142857142856,1,6
4.55,0,4,9,3,3.0,2.0,2.7142857142857144,1,7
23.35,1,1,9,3,5.0,1.0,3.0,1,9
23.89,0,3,10,4,3.0,1.0,3.2857142857142856,1,7
4.36,0,5,10,4,3.0,3.0,3.4285714285714284,1,6
16.6,1,2,10,4,4.0,5.0,2.857142857142857,1,0
22.95,1,4,11,4,1.0,1.0,3.2857142857142856,1,3
14.39,1,2,11,4,4.0,3.0,3.5714285714285716,1,8
9.63,1,0,11,4,5.0,5.0,3.0,1,7
21.91,1,4,11,4,1.0,3.0,2.857142857142857,1,3
26.6,1,0,12,4,2.0,3.0,3.142857142857143,1,10
6.49,1,2,12,4,5.0,4.0,2.7142857142857144,1,2
14.62,0,3,12,4,1.0,1.0,2.7142857142857144,1,2
28.77,1,5,12,4,1.0,4.0,2.857142857142857,1,6
19.96,1,0,12,4,5.0,5.0,2.7142857142857144,1,6
7.35,1,6,12,4,4.0,1.0,3.0,1,5
1.34,0,3,1,1,3.0,2.0,2.857142857142857,1,9
10.74,0,3,1,1,1.0,5.0,2.7142857142857144,1,1
20.8,1,4,1,1,4.0,1.0,3.142857142857143,1,1
18.31,1,5,1,1,4.0,1.0,3.4285714285714284,1,7
20.99,1,4,1,1,3.0,5.0,2.857142857142857,1,5
8.17,1,1,2,1,1.0,4.0,3.0,1,10
25.92,1,6,2,1,5.0,3.0,2.7142857142857144,1,1
23.21,1,3,2,1,1.0,1.0,2.857142857142857,1,3
18.17,0,4,2,1,2.0,4.0,3.0,1,9
13.67,1,4,2,1,5.0,4.0,3.142857142857143,1,2
7.07,1,6,3,1,5.0,3.0,3.142857142857143,1,1
29.37,0,1,3,1,3.0,1.0,3.2857142857142856,1,5
25.06,0,3,3,1,2.0,5.0,3.2857142857142856,1,4
13.66,1,2,4,2,5.0,1.0,3.5714285714285716,1,1
17.06,1,5,4,2,3.0,2.0,3.7142857142857144,1,1
7.49,1,4,4,2,3.0,5.0,3.7142857142857144,1,5
14.97,0,3,4,2,5.0,5.0,3.7142857142857144,1,5
19.96,1,1,4,2,5.0,3.0,3.857142857142857,1,7
19.16,0,5,5,2,4.0,2.0,3.7142857142857144,1,0
20.23,1,2,5,2,1.0,5.0,3.142857142857143,1,7
19.31,1,5,6,2,1.0,3.0,3.0,1,4
11.32,1,0,6,2,2.0,3.0,3.0,1,5
17.61,1,5,6,2,3.0,5.0,3.0,1,0
13.4,1,6,6,2,5.0,5.0,2.857142857142857,1,7
23.71,1,0,6,2,4.0,4.0,2.7142857142857144,1,2
13.9,1,3,7,3,3.0,1.0,3.0,1,4
11.67,1,5,7,3,3.0,1.0,3.142857142857143,1,6
16.47,1,5,7,3,2.0,2.0,3.0,1,10
28.48,0,6,7,3,1.0,3.0,3.2857142857142856,1,8
7.0,0,1,7,3,5.0,5.0,3.142857142857143,1,4
13.81,1,2,7,3,4.0,4.0,2.857142857142857,1,7
1.69,1,5,8,3,2.0,3.0,2.7142857142857144,1,7
7.54,1,5,8,3,0.0,0.0,0.0,2,10
25.48,1,0,8,3,5.0,0.0,0.0,2,2
27.7,1,2,8,3,4.0,0.0,0.0,2,4
21.5,1,3,8,3,5.0,0.0,0.0,2,4
18.63,1,5,9,3,2.0,0.0,0.0,2,3
1.1,1,0,9,3,3.0,0.0,0.0,2,7
1.69,1,3,9,3,1.0,0.0,3.5714285714285716,2,0
5.05,1,3,10,4,5.0,5.0,3.0,2,0
2.96,1,5,10,4,1.0,4.0,3.142857142857143,2,7
22.08,1,3,10,4,5.0,5.0,2.7142857142857144,2,2
3.73,0,5,10,4,2.0,2.0,3.142857142857143,2,7
7.84,1,5,10,4,5.0,3.0,3.0,2,4
1.55,1,2,11,4,2.0,1.0,3.4285714285714284,2,4
23.4,1,4,11,4,4.0,5.0,3.0,2,8
19.65,1,0,11,4,2.0,1.0,3.5714285714285716,2,0
4.88,0,2,11,4,5.0,5.0,3.4285714285714284,2,2
25.52,1,2,11,4,4.0,2.0,3.4285714285714284,2,9
8.76,0,5,12,4,2.0,5.0,2.857142857142857,2,0
26.53,1,1,12,4,1.0,2.0,3.142857142857143,2,10
29.65,1,2,12,4,4.0,4.0,3.0,2,1
25.52,1,6,12,4,3.0,2.0,3.142857142857143,2,2
25.71,1,0,1,1,3.0,5.0,2.857142857142857,2,5
27.78,1,3,1,1,3.0,4.0,2.5714285714285716,2,1
8.11,1,6,1,1,2.0,2.0,2.4285714285714284,2,8
25.71,1,4,2,1,1.0,1.0,2.4285714285714284,2,10
25.98,0,0,2,1,1.0,4.0,2.0,2,4
7.95,1,2,2,1,1.0,3.0,1.8571428571428572,2,4
29.19,1,4,3,1,2.0,3.0,1.7142857142857142,2,6
22.16,1,6,3,1,2.0,3.0,1.4285714285714286,2,3
22.31,1,0,3,1,1.0,2.0,1.7142857142857142,2,1
6.7,1,1,3,1,4.0,1.0,1.8571428571428572,2,10
28.79,0,1,3,1,2.0,1.0,2.0,2,5
17.38,1,0,3,1,2.0,1.0,2.0,2,5
12.58,0,5,3,1,1.0,2.0,2.4285714285714284,2,4
2.99,0,2,4,2,5.0,2.0,2.5714285714285716,2,2
1.02,1,3,4,2,3.0,1.0,2.5714285714285716,2,10
14.53,1,4,4,2,1.0,4.0,2.4285714285714284,2,5
27.34,1,5,4,2,3.0,2.0,2.4285714285714284,2,4
7.74,1,0,5,2,2.0,2.0,2.2857142857142856,2,9
7.34,1,6,5,2,1.0,1.0,2.5714285714285716,2,10
18.46,1,3,5,2,3.0,5.0,2.4285714285714284,2,10
10.06,1,1,5,2,4.0,3.0,2.5714285714285716,2,3
1.46,1,2,5,2,4.0,1.0,3.142857142857143,2,6
13.39,1,2,5,2,5.0,3.0,3.2857142857142856,2,7
9.7,1,1,5,2,4.0,2.0,3.4285714285714284,2,4
1.44,1,1,5,2,3.0,1.0,3.7142857142857144,2,4
23.18,1,3,5,2,3.0,3.0,3.7142857142857144,2,6
6.61,1,6,6,2,3.0,4.0,3.857142857142857,2,5
25.1,1,1,6,2,5.0,4.0,3.4285714285714284,2,10
28.01,0,2,6,2,1.0,5.0,3.142857142857143,2,2
27.44,0,1,6,2,3.0,4.0,3.0,2,10
11.96,1,3,6,2,3.0,3.0,2.857142857142857,2,1
1.73,1,0,7,3,2.0,3.0,2.5714285714285716,2,0
10.64,0,1,7,3,1.0,3.0,2.7142857142857144,2,7
9.12,1,5,7,3,4.0,5.0,2.2857142857142856,2,2
22.86,1,1,7,3,2.0,1.0,2.2857142857142856,2,5
21.65,1,2,7,3,1.0,3.0,2.2857142857142856,2,8
22.61,1,5,7,3,3.0,3.0,2.5714285714285716,2,1
13.95,1,0,7,3,5.0,2.0,3.0,2,0
1.83,1,1,7,3,5.0,1.0,3.4285714285714284,2,10
6.19,1,3,7,3,4.0,4.0,3.0,2,2
15.62,0,1,7,3,1.0,2.0,3.142857142857143,2,2
27.17,1,0,8,3,3.0,1.0,3.5714285714285716,2,4
21.79,1,2,8,3,4.0,3.0,3.2857142857142856,2,5
4.3,1,3,8,3,1.0,5.0,2.7142857142857144,2,6
22.1,1,4,8,3,1.0,5.0,2.2857142857142856,2,8
23.93,1,3,9,3,2.0,4.0,2.2857142857142856,2,0
25.54,1,4,9,3,4.0,1.0,2.857142857142857,2,0
14.87,0,3,9,3,5.0,3.0,3.142857142857143,2,10
9.7,1,3,10,4,5.0,4.0,3.142857142857143,2,10
14.09,1,3,10,4,4.0,1.0,3.4285714285714284,2,5
27.44,1,4,10,4,3.0,1.0,3.5714285714285716,2,4
8.6,0,5,10,4,2.0,2.0,3.4285714285714284,2,8
24.13,1,5,10,4,1.0,4.0,3.5714285714285716,2,5
18.94,1,0,10,4,5.0,5.0,3.5714285714285716,2,3
6.25,1,0,10,4,5.0,5.0,3.4285714285714284,2,1
29.03,1,3,10,4,4.0,4.0,3.142857142857143,2,10
27.23,1,6,11,4,2.0,3.0,2.857142857142857,2,8
13.8,0,1,11,4,1.0,2.0,2.857142857142857,2,6
4.66,1,5,11,4,2.0,1.0,2.857142857142857,2,9
27.13,1,3,12,4,1.0,5.0,2.5714285714285716,2,4
6.79,1,3,12,4,3.0,5.0,2.0,2,8
20.51,1,3,12,4,1.0,4.0,2.0,2,7
29.82,1,4,1,1,4.0,2.0,2.4285714285714284,2,2
27.03,1,4,1,1,5.0,1.0,2.857142857142857,2,3
21.72,0,0,1,1,4.0,2.0,3.2857142857142856,2,10
19.56,1,4,1,1,5.0,1.0,3.5714285714285716,2,10
10.32,1,1,1,1,3.0,3.0,3.4285714285714284,2,2
28.42,1,0,2,1,2.0,1.0,3.857142857142857,2,4
29.97,1,0,2,1,4.0,4.0,3.7142857142857144,2,6
25.85,1,6,2,1,3.0,5.0,3.7142857142857144,2,0
9.92,0,2,2,1,5.0,4.0,3.4285714285714284,2,1
27.16,1,6,2,1,2.0,5.0,3.0,2,9
14.5,1,1,2,1,2.0,3.0,3.0,2,1
2.29,1,2,2,1,3.0,2.0,3.142857142857143,2,2
3.7,1,3,2,1,3.0,4.0,2.857142857142857,2,6
25.97,1,2,2,1,2.0,3.0,2.857142857142857,2,1
25.21,1,3,2,1,3.0,5.0,2.2857142857142856,2,9
10.12,1,3,3,1,1.0,2.0,2.4285714285714284,2,3
10.39,0,5,3,1,3.0,2.0,2.5714285714285716,2,1
28.81,0,2,3,1,3.0,3.0,2.5714285714285716,2,10
2.08,1,2,3,1,3.0,3.0,2.857142857142857,2,2
19.24,1,6,3,1,5.0,2.0,3.2857142857142856,2,1
25.5,1,6,3,1,5.0,3.0,3.4285714285714284,2,7
23.04,1,1,3,1,4.0,1.0,3.857142857142857,2,2
11.82,1,4,3,1,4.0,3.0,3.7142857142857144,2,0
5.05,0,5,3,1,2.0,3.0,3.4285714285714284,2,1
18.96,0,0,4,2,1.0,3.0,3.7142857142857144,2,0
23.29,1,5,4,2,5.0,5.0,3.142857142857143,2,8
11.94,0,6,4,2,1.0,5.0,3.142857142857143,2,4
25.92,1,3,4,2,5.0,4.0,2.7142857142857144,2,0
26.88,1,0,4,2,1.0,4.0,2.5714285714285716,2,8
16.45,1,1,4,2,3.0,2.0,3.0,2,2
8.1,1,2,5,2,5.0,1.0,3.4285714285714284,2,8
3.7,1,1,5,2,4.0,5.0,2.857142857142857,2,4
7.03,1,2,6,2,1.0,1.0,3.142857142857143,2,10
6.2,1,2,7,3,3.0,5.0,3.0,2,2
19.12,1,1,7,3,4.0,1.0,3.4285714285714284,2,4
12.1,1,0,7,3,4.0,3.0,3.2857142857142856,2,1
19.84,1,4,8,3,2.0,5.0,3.0,2,0
25.48,1,0,8,3,3.0,4.0,3.0,2,3
28.26,0,0,8,3,0.0,0.0,0.0,3,1
19.27,1,5,8,3,1.0,0.0,0.0,3,6
16.72,1,1,9,3,5.0,0.0,0.0,3,1
13.16,1,0,9,3,3.0,0.0,0.0,3,4
27.26,0,0,10,4,3.0,0.0,0.0,3,8
7.83,1,1,10,4,2.0,0.0,0.0,3,10
15.41,1,1,10,4,3.0,0.0,2.857142857142857,3,0
8.4,1,0,10,4,3.0,1.0,2.857142857142857,3,10
5.17,1,3,10,4,1.0,5.0,2.7142857142857144,3,6
20.89,0,4,10,4,4.0,3.0,2.857142857142857,3,6
17.54,1,6,11,4,4.0,3.0,3.142857142857143,3,8
1.33,1,1,12,4,5.0,2.0,3.4285714285714284,3,7
12.08,1,5,12,4,4.0,3.0,3.2857142857142856,3,8
28.25,0,3,12,4,2.0,3.0,3.4285714285714284,3,0
3.75,1,0,12,4,4.0,1.0,4.0,3,8
12.34,1,0,12,4,5.0,4.0,3.5714285714285716,3,7
2.53,1,3,1,1,1.0,4.0,3.4285714285714284,3,10
2.31,1,4,2,1,3.0,5.0,3.142857142857143,3,6
28.85,1,6,2,1,3.0,4.0,3.0,3,3
17.83,1,1,3,1,3.0,2.0,3.4285714285714284,3,8
3.46,1,2,3,1,5.0,4.0,3.142857142857143,3,4
5.66,1,4,3,1,2.0,5.0,2.7142857142857144,3,5
27.48,1,6,3,1,2.0,1.0,3.2857142857142856,3,2
16.13,1,4,3,1,5.0,3.0,3.0,3,6
18.01,1,0,3,1,1.0,3.0,3.0,3,9
10.79,1,2,3,1,3.0,3.0,2.7142857142857144,3,10
15.45,1,5,3,1,1.0,5.0,2.4285714285714284,3,10
5.49,1,1,4,2,3.0,2.0,2.857142857142857,3,4
12.88,1,4,4,2,5.0,2.0,3.0,3,3
28.94,1,6,4,2,3.0,5.0,2.5714285714285716,3,5
18.38,1,4,4,2,2.0,1.0,2.857142857142857,3,10
4.21,1,0,4,2,3.0,3.0,3.0,3,8
20.11,1,6,4,2,4.0,1.0,3.2857142857142856,3,9
23.7,1,1,5,2,3.0,3.0,3.5714285714285716,3,2
23.08,1,2,5,2,5.0,5.0,3.4285714285714284,3,7
12.16,1,1,5,2,4.0,3.0,3.7142857142857144,3,1
17.19,1,4,5,2,5.0,2.0,3.5714285714285716,3,10
24.56,1,5,5,2,1.0,3.0,3.2857142857142856,3,9
15.31,1,1,6,2,1.0,4.0,3.4285714285714284,3,4
4.07,1,1,6,2,5.0,3.0,3.7142857142857144,3,2
24.16,1,1,6,2,5.0,5.0,3.142857142857143,3,1
20.7,1,3,6,2,1.0,4.0,3.142857142857143,3,5
3.51,1,0,6,2,4.0,5.0,2.857142857142857,3,10
2.56,0,0,6,2,3.0,1.0,2.857142857142857,3,8
4.68,1,6,6,2,1.0,1.0,3.142857142857143,3,0
28.36,1,3,7,3,3.0,5.0,2.857142857142857,3,1
7.98,1,6,7,3,3.0,5.0,2.4285714285714284,3,3
27.33,1,6,7,3,2.0,1.0,2.4285714285714284,3,2
24.27,1,5,7,3,1.0,4.0,2.142857142857143,3,4
15.11,1,1,7,3,2.0,3.0,2.2857142857142856,3,8
17.6,1,1,8,3,4.0,1.0,2.2857142857142856,3,8
5.97,1,1,8,3,1.0,3.0,2.0,3,2
6.5,1,0,9,3,1.0,3.0,2.142857142857143,3,5
15.35,0,3,9,3,4.0,2.0,2.0,3,9
20.63,1,4,10,4,1.0,1.0,2.0,3,10
23.61,1,2,10,4,1.0,2.0,2.0,3,1
23.71,1,3,10,4,2.0,4.0,2.142857142857143,3,2
11.9,1,1,10,4,5.0,1.0,2.2857142857142856,3,3
2.3,1,1,11,4,2.0,1.0,2.2857142857142856,3,10
14.85,1,1,11,4,1.0,4.0,2.142857142857143,3,3
11.37,1,2,11,4,3.0,1.0,2.2857142857142856,3,4
4.74,1,1,12,4,2.0,1.0,2.5714285714285716,3,5
18.52,0,0,1,1,3.0,2.0,2.4285714285714284,3,4
8.68,1,1,1,1,1.0,5.0,2.0,3,1
12.5,0,2,1,1,2.0,2.0,1.8571428571428572,3,8
28.74,1,5,2,1,1.0,1.0,2.0,3,2
12.98,1,4,2,1,2.0,3.0,1.8571428571428572,3,7
6.05,0,6,2,1,2.0,2.0,1.7142857142857142,3,10
23.48,1,6,2,1,1.0,3.0,1.7142857142857142,3,1
2.35,1,0,2,1,3.0,1.0,2.2857142857142856,3,6
10.77,1,1,3,1,5.0,2.0,2.4285714285714284,3,5
8.72,1,3,3,1,3.0,1.0,2.857142857142857,3,6
2.45,1,6,3,1,4.0,2.0,3.142857142857143,3,7
19.6,1,2,3,1,4.0,2.0,3.4285714285714284,3,9
5.75,1,3,3,1,4.0,1.0,4.0,3,2
4.71,1,2,4,2,5.0,3.0,4.0,3,5
21.49,1,3,4,2,3.0,5.0,3.4285714285714284,3,5
23.82,1,4,4,2,1.0,3.0,3.5714285714285716,3,7
3.04,1,2,5,2,4.0,4.0,3.142857142857143,3,1
23.98,0,4,5,2,1.0,4.0,3.142857142857143,3,5
10.2,1,4,5,2,4.0,4.0,3.2857142857142856,3,2
10.74,1,6,5,2,5.0,5.0,3.2857142857142856,3,1
5.63,1,1,5,2,5.0,3.0,3.4285714285714284,3,2
8.5,1,3,5,2,4.0,1.0,4.0,3,1
18.26,1,3,6,2,5.0,4.0,4.142857142857143,3,1
23.28,1,3,6,2,5.0,1.0,4.285714285714286,3,5
10.71,0,4,7,3,2.0,4.0,4.428571428571429,3,4
10.11,1,1,7,3,5.0,5.0,4.0,3,10
12.16,1,2,7,3,2.0,5.0,3.4285714285714284,3,10
14.57,1,3,7,3,1.0,4.0,3.2857142857142856,3,2
14.5,1,5,7,3,3.0,5.0,3.142857142857143,3,2
17.26,1,4,7,3,4.0,5.0,2.7142857142857144,3,7
8.56,1,2,8,3,0.0,0.0,0.0,4,9
21.57,1,5,8,3,4.0,0.0,0.0,4,3
11.06,1,2,8,3,3.0,0.0,0.0,4,4
5.35,1,3,8,3,1.0,0.0,0.0,4,2
15.38,1,4,9,3,1.0,0.0,0.0,4,10
3.81,1,5,9,3,2.0,0.0,0.0,4,5
11.11,1,5,9,3,4.0,0.0,2.7142857142857144,4,1
8.55,1,6,10,4,4.0,4.0,2.5714285714285716,4,10
1.66,1,0,10,4,3.0,3.0,2.857142857142857,4,4
12.26,1,2,10,4,5.0,1.0,3.4285714285714284,4,8
10.01,0,3,10,4,5.0,1.0,3.7142857142857144,4,9
23.58,1,5,10,4,3.0,2.0,3.7142857142857144,4,0
28.08,1,0,10,4,2.0,4.0,3.4285714285714284,4,1
12.4,1,1,10,4,2.0,4.0,3.4285714285714284,4,4
29.53,1,2,10,4,4.0,3.0,3.5714285714285716,4,10
16.06,0,4,11,4,4.0,5.0,3.2857142857142856,4,8
19.34,1,0,11,4,3.0,5.0,3.2857142857142856,4,6
19.37,0,3,11,4,5.0,3.0,3.0,4,9
8.24,0,5,12,4,1.0,2.0,3.4285714285714284,4,9
14.26,1,2,1,1,5.0,2.0,3.857142857142857,4,0
17.53,1,6,1,1,5.0,4.0,3.7142857142857144,4,5
22.41,1,2,1,1,3.0,4.0,3.7142857142857144,4,5
15.02,1,4,2,1,4.0,3.0,3.7142857142857144,4,3
12.83,1,0,2,1,3.0,5.0,3.5714285714285716,4,8
14.44,1,0,2,1,4.0,1.0,4.0,4,1
14.57,1,5,2,1,4.0,5.0,3.4285714285714284,4,4
18.87,1,5,2,1,1.0,5.0,3.142857142857143,4,3
15.56,1,3,2,1,3.0,3.0,3.142857142857143,4,6
24.9,1,5,3,1,3.0,4.0,3.142857142857143,4,3
23.7,1,5,3,1,4.0,3.0,2.857142857142857,4,4
25.06,1,6,3,1,1.0,4.0,2.7142857142857144,4,9
26.74,1,6,3,1,3.0,4.0,2.4285714285714284,4,3
17.03,1,5,4,2,2.0,1.0,2.4285714285714284,4,4
16.23,1,5,4,2,1.0,3.0,2.4285714285714284,4,10
3.03,0,1,4,2,3.0,3.0,2.7142857142857144,4,9
1.94,0,6,5,2,5.0,4.0,2.857142857142857,4,10
2.94,1,5,5,2,5.0,1.0,3.142857142857143,4,6
19.3,1,2,5,2,3.0,3.0,3.2857142857142856,4,7
7.1,1,6,6,2,4.0,2.0,3.4285714285714284,4,5
10.09,0,6,6,2,3.0,1.0,4.0,4,3
17.65,1,6,6,2,5.0,3.0,4.142857142857143,4,7
11.69,1,1,6,2,4.0,5.0,3.857142857142857,4,4
4.6,1,4,7,3,3.0,5.0,3.5714285714285716,4,9
9.94,1,5,7,3,3.0,3.0,3.2857142857142856,4,0
15.09,1,0,7,3,1.0,4.0,3.142857142857143,4,6
11.44,1,3,7,3,3.0,3.0,2.857142857142857,4,6
24.86,1,3,7,3,1.0,5.0,2.857142857142857,4,2
2.32,0,4,7,3,5.0,4.0,2.857142857142857,4,2
3.41,1,4,7,3,4.0,3.0,2.857142857142857,4,6
5.03,1,4,8,3,3.0,3.0,3.142857142857143,4,5
2.95,1,5,8,3,5.0,1.0,3.5714285714285716,4,5
7.54,0,3,8,3,4.0,3.0,3.7142857142857144,4,4
27.38,0,4,8,3,4.0,1.0,4.142857142857143,4,5
29.4,1,2,8,3,4.0,5.0,3.857142857142857,4,2
20.65,1,2,8,3,3.0,4.0,3.857142857142857,4,6
18.14,0,3,8,3,4.0,3.0,3.857142857142857,4,3
21.69,1,3,9,3,3.0,5.0,3.2857142857142856,4,3
7.82,1,5,9,3,1.0,4.0,2.857142857142857,4,8
3.78,1,3,9,3,1.0,4.0,2.4285714285714284,4,5
24.49,1,2,10,4,1.0,4.0,2.2857142857142856,4,6
12.6,1,4,10,4,3.0,3.0,2.2857142857142856,4,4
12.03,1,5,10,4,3.0,4.0,2.142857142857143,4,8
23.13,1,0,10,4,3.0,3.0,2.142857142857143,4,5
19.93,1,5,10,4,3.0,1.0,2.4285714285714284,4,0
14.14,1,0,11,4,3.0,1.0,2.7142857142857144,4,7
18.05,1,6,11,4,3.0,1.0,2.7142857142857144,4,3
29.62,1,2,11,4,1.0,3.0,2.5714285714285716,4,0
10.55,1,6,11,4,2.0,3.0,2.2857142857142856,4,5
9.77,1,1,11,4,1.0,3.0,2.2857142857142856,4,5
24.44,1,1,11,4,3.0,3.0,2.4285714285714284,4,10
17.46,1,2,11,4,4.0,3.0,2.4285714285714284,4,9
18.28,1,5,11,4,3.0,3.0,2.7142857142857144,4,4
7.33,1,5,11,4,5.0,1.0,3.0,4,1
16.48,1,3,12,4,3.0,2.0,2.857142857142857,4,7
12.95,0,6,12,4,1.0,1.0,3.142857142857143,4,8
28.89,1,1,12,4,3.0,3.0,3.4285714285714284,4,3
20.67,1,6,12,4,5.0,4.0,3.4285714285714284,4,6
19.16,1,0,12,4,4.0,3.0,3.7142857142857144,4,7
12.01,1,0,1,1,5.0,5.0,3.2857142857142856,4,0
6.86,1,1,1,1,2.0,3.0,3.0,4,8
5.5,1,0,1,1,1.0,1.0,3.2857142857142856,4,10
22.19,0,1,1,1,3.0,3.0,3.142857142857143,4,3
24.98,1,3,1,1,2.0,5.0,3.0,4,1
21.91,1,3,1,1,4.0,4.0,2.7142857142857144,4,5
6.04,0,2,1,1,2.0,5.0,2.142857142857143,4,6
19.72,0,2,1,1,1.0,2.0,2.2857142857142856,4,4
25.39,0,0,2,1,3.0,1.0,2.4285714285714284,4,8
24.68,0,1,2,1,2.0,3.0,2.4285714285714284,4,5
9.39,1,6,2,1,3.0,2.0,2.4285714285714284,4,1
4.79,1,2,3,1,2.0,4.0,2.5714285714285716,4,9
2.72,0,5,3,1,5.0,2.0,2.4285714285714284,4,5
24.16,1,3,3,1,1.0,1.0,2.5714285714285716,4,0
29.13,1,3,3,1,2.0,3.0,2.2857142857142856,4,5
28.99,1,2,3,1,1.0,2.0,2.2857142857142856,4,1
17.41,1,2,3,1,2.0,3.0,2.5714285714285716,4,1
23.12,1,5,3,1,5.0,2.0,2.5714285714285716,4,2
28.64,1,5,3,1,2.0,5.0,2.142857142857143,4,10
3.72,1,5,3,1,2.0,1.0,2.142857142857143,4,3
24.97,1,6,3,1,1.0,2.0,2.2857142857142856,4,8
27.73,1,2,4,2,3.0,1.0,2.2857142857142856,4,0
17.34,1,5,4,2,1.0,2.0,2.4285714285714284,4,1
26.53,1,1,4,2,3.0,5.0,2.4285714285714284,4,9
2.18,1,4,5,2,5.0,2.0,2.857142857142857,4,7
27.26,1,1,5,2,5.0,2.0,2.857142857142857,4,2
1.19,1,3,5,2,2.0,1.0,3.0,4,1
20.11,1,6,5,2,2.0,3.0,3.2857142857142856,4,1
2.28,0,6,6,2,5.0,1.0,3.4285714285714284,4,6
18.33,1,2,6,2,2.0,3.0,3.7142857142857144,4,0
9.88,1,5,7,3,5.0,5.0,3.4285714285714284,4,3
14.89,0,2,7,3,3.0,5.0,3.2857142857142856,4,0
13.74,0,3,7,3,4.0,2.0,3.2857142857142856,4,5
6.26,0,4,8,3,2.0,2.0,3.142857142857143,4,0
20.42,0,1,8,3,1.0,5.0,2.7142857142857144,4,10
23.46,0,1,8,3,0.0,0.0,0.0,5,0
11.56,1,0,8,3,5.0,0.0,0.0,5,4
18.95,1,6,8,3,3.0,0.0,0.0,5,1
26.9,1,1,8,3,5.0,0.0,0.0,5,7
5.04,1,6,9,3,4.0,0.0,0.0,5,7
5.67,1,0,9,3,4.0,0.0,0.0,5,1
18.55,1,2,10,4,1.0,0.0,3.4285714285714284,5,5
7.62,1,1,10,4,2.0,5.0,3.142857142857143,5,1
5.04,1,2,10,4,3.0,3.0,2.857142857142857,5,4
23.29,1,2,10,4,1.0,5.0,2.4285714285714284,5,4
1.96,1,3,10,4,2.0,4.0,2.4285714285714284,5,3
17.3,0,2,10,4,4.0,4.0,2.0,5,0
4.99,1,6,10,4,1.0,1.0,2.5714285714285716,5,10
14.72,0,0,10,4,5.0,2.0,2.857142857142857,5,6
8.45,1,4,11,4,4.0,3.0,2.857142857142857,5,4
6.05,0,0,11,4,3.0,1.0,3.0,5,7
6.63,1,2,11,4,2.0,2.0,3.4285714285714284,5,1
13.14,1,3,12,4,5.0,4.0,3.142857142857143,5,1
1.27,1,0,12,4,2.0,1.0,3.7142857142857144,5,8
23.44,1,3,12,4,5.0,5.0,3.5714285714285716,5,3
3.92,1,3,1,1,4.0,4.0,3.7142857142857144,5,2
1.94,1,5,1,1,5.0,3.0,3.7142857142857144,5,1
8.18,1,4,1,1,3.0,2.0,3.7142857142857144,5,9
26.06,1,1,2,1,2.0,5.0,3.2857142857142856,5,6
27.17,1,2,2,1,2.0,2.0,3.4285714285714284,5,2
1.85,1,1,2,1,3.0,5.0,2.857142857142857,5,3
29.09,1,3,2,1,1.0,4.0,2.857142857142857,5,6
6.15,1,0,3,1,4.0,5.0,2.5714285714285716,5,8
25.74,1,1,4,2,3.0,3.0,2.4285714285714284,5,4
28.34,1,2,4,2,2.0,2.0,2.4285714285714284,5,8
27.86,1,6,4,2,2.0,2.0,2.2857142857142856,5,3
10.48,1,2,4,2,1.0,3.0,2.4285714285714284,5,1
14.29,1,2,4,2,4.0,1.0,2.7142857142857144,5,8
26.36,1,3,4,2,3.0,4.0,2.5714285714285716,5,8
4.5,1,0,5,2,3.0,3.0,2.2857142857142856,5,6
24.9,1,5,5,2,1.0,2.0,2.4285714285714284,5,0
2.51,1,0,5,2,3.0,2.0,2.857142857142857,5,7
27.93,0,1,5,2,5.0,1.0,3.0,5,6
22.78,1,1,6,2,2.0,4.0,2.857142857142857,5,8
24.9,1,6,6,2,3.0,3.0,2.5714285714285716,5,2
12.63,1,6,6,2,1.0,3.0,2.4285714285714284,5,10
9.96,1,0,6,2,2.0,1.0,2.7142857142857144,5,6
23.59,1,1,6,2,3.0,3.0,2.857142857142857,5,4
16.09,1,2,6,2,4.0,5.0,2.5714285714285716,5,3
8.94,1,0,6,2,3.0,2.0,2.4285714285714284,5,5
12.15,0,0,6,2,1.0,3.0,2.5714285714285716,5,7
23.79,1,3,6,2,4.0,1.0,2.857142857142857,5,0
12.48,1,1,7,3,3.0,2.0,3.142857142857143,5,5
16.1,1,6,7,3,4.0,3.0,3.2857142857142856,5,4
21.82,0,6,7,3,4.0,4.0,3.2857142857142856,5,2
14.88,1,5,7,3,4.0,3.0,3.5714285714285716,5,1
8.86,1,4,8,3,5.0,1.0,3.857142857142857,5,0
15.36,0,5,8,3,3.0,4.0,4.0,5,5
18.14,1,6,8,3,5.0,3.0,4.142857142857143,5,5
5.64,1,2,9,3,4.0,4.0,3.7142857142857144,5,3
27.59,1,6,9,3,1.0,4.0,3.857142857142857,5,10
16.15,1,3,9,3,5.0,4.0,3.4285714285714284,5,4
6.66,1,2,9,3,1.0,5.0,3.142857142857143,5,9
28.93,1,0,9,3,3.0,3.0,3.142857142857143,5,3
17.48,1,0,10,4,3.0,5.0,2.857142857142857,5,4
18.82,1,1,10,4,3.0,4.0,2.4285714285714284,5,4
21.53,0,4,10,4,1.0,1.0,2.4285714285714284,5,2
20.91,1,4,10,4,1.0,5.0,2.4285714285714284,5,8
12.42,1,4,10,4,5.0,1.0,3.0,5,0
14.95,1,0,10,4,5.0,3.0,3.142857142857143,5,7
6.68,1,1,11,4,4.0,3.0,3.2857142857142856,5,8
29.86,1,5,11,4,4.0,3.0,3.5714285714285716,5,5
28.16,1,1,11,4,5.0,1.0,3.5714285714285716,5,6
11.58,1,2,11,4,1.0,1.0,4.0,5,3
8.35,1,3,12,4,4.0,5.0,4.0,5,7
8.24,1,4,12,4,5.0,5.0,3.857142857142857,5,8
4.89,1,6,12,4,4.0,4.0,3.857142857142857,5,7
14.73,0,4,12,4,4.0,4.0,3.5714285714285716,5,5
3.38,1,5,12,4,2.0,5.0,3.4285714285714284,5,10
10.21,1,1,12,4,4.0,1.0,3.857142857142857,5,6
8.94,1,0,1,1,4.0,4.0,3.857142857142857,5,2
15.9,1,2,1,1,4.0,5.0,3.4285714285714284,5,10
21.35,1,5,1,1,2.0,4.0,3.2857142857142856,5,5
28.63,1,0,1,1,3.0,4.0,2.857142857142857,5,1
25.6,1,1,1,1,1.0,2.0,3.142857142857143,5,5
16.63,1,5,2,1,4.0,4.0,2.7142857142857144,5,7
2.31,1,0,2,1,1.0,4.0,2.7142857142857144,5,6
7.89,1,0,2,1,4.0,4.0,2.7142857142857144,5,1
1.11,1,5,2,1,4.0,2.0,2.7142857142857144,5,4
15.18,1,5,3,1,2.0,3.0,3.0,5,3
26.13,1,2,3,1,5.0,1.0,3.142857142857143,5,3
6.3,1,5,3,1,2.0,4.0,3.142857142857143,5,5
22.25,1,1,4,2,4.0,1.0,3.4285714285714284,5,8
14.56,1,2,4,2,3.0,4.0,3.4285714285714284,5,8
25.94,0,6,4,2,4.0,4.0,3.2857142857142856,5,10
7.74,1,6,4,2,3.0,2.0,3.5714285714285716,5,3
15.4,1,5,4,2,4.0,5.0,3.142857142857143,5,2
2.79,1,5,5,2,2.0,2.0,3.0,5,10
2.67,1,1,5,2,1.0,4.0,2.7142857142857144,5,4
21.05,1,4,5,2,2.0,3.0,2.7142857142857144,5,7
19.42,0,2,5,2,3.0,4.0,2.5714285714285716,5,3
9.06,1,2,5,2,3.0,3.0,2.4285714285714284,5,8
4.11,1,6,6,2,2.0,4.0,2.5714285714285716,5,9
2.99,1,4,6,2,5.0,2.0,2.7142857142857144,5,8
19.75,1,6,6,2,3.0,1.0,3.142857142857143,5,8
17.15,1,0,6,2,4.0,2.0,3.4285714285714284,5,8
20.54,1,1,7,3,4.0,3.0,3.142857142857143,5,6
27.7,1,0,7,3,1.0,3.0,3.0,5,2
4.33,1,0,7,3,2.0,2.0,3.142857142857143,5,5
6.26,1,1,7,3,3.0,5.0,2.857142857142857,5,3
13.16,1,4,8,3,0.0,0.0,0.0,6,0
18.0,1,0,8,3,3.0,0.0,0.0,6,5
23.09,1,3,8,3,1.0,0.0,0.0,6,10
20.55,0,5,8,3,2.0,0.0,0.0,6,9
2.69,1,0,8,3,5.0,0.0,0.0,6,3
24.29,1,5,8,3,5.0,0.0,0.0,6,2
22.02,1,6,8,3,4.0,0.0,3.142857142857143,6,10
20.15,1,5,9,3,2.0,3.0,3.2857142857142856,6,10
6.99,1,0,9,3,4.0,1.0,3.2857142857142856,6,0
27.39,1,2,9,3,1.0,2.0,3.7142857142857144,6,10
29.81,1,5,9,3,5.0,5.0,3.5714285714285716,6,9
10.55,1,0,9,3,4.0,5.0,3.142857142857143,6,2
16.72,1,3,9,3,2.0,4.0,2.857142857142857,6,8
18.57,1,3,9,3,2.0,2.0,2.857142857142857,6,4
15.7,1,4,9,3,2.0,4.0,3.0,6,2
25.4,1,5,10,4,5.0,1.0,3.0,6,8
4.93,0,2,10,4,1.0,5.0,3.0,6,1
27.77,1,3,10,4,5.0,4.0,2.7142857142857144,6,3
28.88,0,1,11,4,2.0,2.0,2.7142857142857144,6,7
11.44,1,6,11,4,2.0,2.0,2.5714285714285716,6,3
23.51,1,1,11,4,1.0,2.0,3.0,6,3
22.67,0,0,11,4,5.0,5.0,2.5714285714285716,6,10
21.83,0,1,11,4,2.0,1.0,2.5714285714285716,6,6
3.63,1,3,11,4,1.0,5.0,2.5714285714285716,6,1
11.59,1,1,11,4,5.0,2.0,2.857142857142857,6,9
20.57,1,0,12,4,4.0,2.0,3.2857142857142856,6,1
14.8,1,1,12,4,5.0,1.0,3.2857142857142856,6,8
9.51,1,0,12,4,1.0,5.0,3.142857142857143,6,1
26.72,1,3,12,4,4.0,2.0,3.142857142857143,6,3
14.2,1,3,12,4,2.0,1.0,3.2857142857142856,6,8
12.34,1,6,12,4,2.0,5.0,2.7142857142857144,6,0
9.85,0,1,12,4,1.0,4.0,2.4285714285714284,6,2
16.29,0,2,12,4,2.0,5.0,2.4285714285714284,6,5
3.8,1,5,1,1,5.0,1.0,3.0,6,6
3.3,1,0,1,1,5.0,4.0,2.7142857142857144,6,1
8.41,0,4,1,1,2.0,2.0,2.7142857142857144,6,0
1.19,1,0,1,1,2.0,2.0,3.0,6,10
13.94,1,0,2,1,4.0,1.0,3.142857142857143,6,7
28.63,1,3,2,1,2.0,2.0,3.0,6,2
23.88,1,3,2,1,1.0,5.0,2.857142857142857,6,6
22.03,1,4,3,1,4.0,5.0,2.4285714285714284,6,4
15.69,1,0,3,1,2.0,2.0,2.2857142857142856,6,2
4.53,1,1,3,1,1.0,2.0,2.7142857142857144,6,5
2.84,1,3,3,1,5.0,4.0,2.2857142857142856,6,10
15.05,1,4,3,1,1.0,2.0,2.4285714285714284,6,8
9.41,1,6,3,1,3.0,1.0,2.4285714285714284,6,7
2.95,1,4,3,1,1.0,4.0,2.4285714285714284,6,1
27.41,0,5,3,1,4.0,2.0,2.4285714285714284,6,7
6.95,0,3,3,1,2.0,1.0,2.7142857142857144,6,9
6.95,1,2,4,2,3.0,5.0,2.7142857142857144,6,3
26.56,0,6,4,2,5.0,1.0,3.2857142857142856,6,1
17.27,1,6,4,2,5.0,3.0,3.2857142857142856,6,1
22.26,1,2,4,2,3.0,1.0,3.5714285714285716,6,6
4.87,1,5,4,2,3.0,4.0,3.5714285714285716,6,9
6.78,0,0,5,2,4.0,2.0,4.0,6,2
13.86,1,2,5,2,5.0,3.0,3.7142857142857144,6,10
26.67,0,0,5,2,1.0,5.0,3.142857142857143,6,1
7.62,1,0,5,2,1.0,5.0,2.5714285714285716,6,1
16.7,1,1,5,2,1.0,3.0,2.2857142857142856,6,3
18.79,0,5,5,2,1.0,3.0,2.0,6,2
15.41,1,6,6,2,1.0,4.0,1.5714285714285714,6,2
5.33,1,3,6,2,1.0,5.0,1.4285714285714286,6,10
20.86,1,6,6,2,4.0,1.0,1.5714285714285714,6,0
19.56,0,0,6,2,2.0,1.0,1.7142857142857142,6,10
23.98,1,1,6,2,2.0,1.0,1.7142857142857142,6,7
3.5,1,6,6,2,1.0,1.0,1.7142857142857142,6,6
27.89,1,0,6,2,1.0,1.0,2.0,6,1
11.53,0,2,6,2,3.0,1.0,2.2857142857142856,6,4
4.3,1,4,7,3,3.0,4.0,2.142857142857143,6,8
2.17,1,4,7,3,3.0,2.0,2.4285714285714284,6,8
9.04,0,4,7,3,4.0,2.0,2.857142857142857,6,2
5.91,1,2,7,3,5.0,1.0,3.142857142857143,6,4
9.42,1,6,7,3,3.0,1.0,3.2857142857142856,6,8
9.38,0,6,7,3,2.0,3.0,3.5714285714285716,6,0
7.24,0,3,7,3,5.0,3.0,3.7142857142857144,6,0
22.58,1,4,7,3,4.0,3.0,3.857142857142857,6,1
7.48,1,6,8,3,4.0,4.0,3.5714285714285716,6,8
19.38,0,5,8,3,2.0,5.0,3.4285714285714284,6,3
24.74,1,1,8,3,4.0,3.0,3.142857142857143,6,1
10.54,0,2,8,3,1.0,2.0,3.2857142857142856,6,7
22.01,1,0,9,3,3.0,5.0,2.7142857142857144,6,9
29.25,1,3,9,3,1.0,4.0,2.2857142857142856,6,6
12.13,0,1,9,3,1.0,4.0,2.2857142857142856,6,9
21.74,1,3,9,3,4.0,2.0,2.5714285714285716,6,0
7.14,1,4,9,3,4.0,4.0,2.142857142857143,6,8
14.65,0,0,9,3,1.0,1.0,2.7142857142857144,6,8
8.82,1,6,9,3,5.0,3.0,3.0,6,5
18.7,0,5,10,4,5.0,1.0,3.5714285714285716,6,0
5.45,0,5,10,4,5.0,1.0,3.857142857142857,6,6
12.6,1,6,10,4,3.0,4.0,3.857142857142857,6,7
23.36,1,0,10,4,4.0,4.0,4.0,6,6
17.81,1,0,10,4,5.0,1.0,4.428571428571429,6,5
12.24,1,4,11,4,4.0,5.0,4.0,6,0
19.76,1,0,11,4,2.0,5.0,4.0,6,8
13.01,1,3,11,4,5.0,5.0,3.5714285714285716,6,2
12.53,1,1,11,4,2.0,3.0,3.857142857142857,6,8
15.45,1,3,11,4,5.0,4.0,3.4285714285714284,6,4
8.03,1,3,12,4,1.0,5.0,3.2857142857142856,6,9
29.17,0,6,12,4,4.0,4.0,3.0,6,3
20.54,0,1,12,4,2.0,2.0,3.4285714285714284,6,4
28.99,1,3,1,1,5.0,5.0,3.0,6,5
10.57,0,6,1,1,2.0,2.0,3.2857142857142856,6,9
22.6,1,2,1,1,4.0,5.0,3.142857142857143,6,2
23.73,1,5,1,1,4.0,1.0,3.7142857142857144,6,8
11.73,1,0,1,1,5.0,4.0,3.7142857142857144,6,9
22.01,1,2,1,1,4.0,2.0,3.857142857142857,6,0
15.56,1,1,2,1,3.0,5.0,3.5714285714285716,6,5
3.52,1,2,2,1,3.0,2.0,3.5714285714285716,6,4
29.21,0,3,2,1,2.0,4.0,3.142857142857143,6,1
1.54,1,4,2,1,1.0,4.0,2.857142857142857,6,9
4.72,0,2,2,1,2.0,5.0,2.4285714285714284,6,9
18.23,1,1,3,1,2.0,4.0,2.2857142857142856,6,5
10.54,0,4,3,1,3.0,3.0,2.2857142857142856,6,0
2.87,1,0,3,1,3.0,3.0,2.142857142857143,6,10
7.33,0,2,3,1,2.0,2.0,2.0,6,5
14.97,0,5,4,2,1.0,1.0,2.0,6,8
11.65,1,1,4,2,1.0,2.0,2.142857142857143,6,4
17.21,1,6,4,2,3.0,2.0,2.0,6,3
14.03,1,3,4,2,1.0,3.0,1.8571428571428572,6,7
19.61,0,2,4,2,2.0,3.0,1.8571428571428572,6,4
26.4,1,2,5,2,3.0,2.0,2.142857142857143,6,7
20.3,1,2,5,2,4.0,1.0,2.7142857142857144,6,9
23.94,1,0,5,2,5.0,1.0,3.0,6,2
8.43,1,2,5,2,3.0,3.0,3.142857142857143,6,10
5.03,1,5,5,2,4.0,1.0,3.2857142857142856,6,3
28.14,1,2,6,2,2.0,2.0,3.4285714285714284,6,10
14.95,1,2,7,3,3.0,3.0,3.4285714285714284,6,8
1.86,1,6,7,3,3.0,4.0,3.142857142857143,6,2
19.73,1,2,7,3,2.0,5.0,2.5714285714285716,6,10
13.9,1,0,7,3,1.0,3.0,2.4285714285714284,6,2
25.3,1,0,7,3,2.0,4.0,2.5714285714285716,6,9
22.77,1,4,8,3,0.0,0.0,0.0,7,1
3.35,1,6,8,3,3.0,0.0,0.0,7,5
1.72,1,6,8,3,3.0,0.0,0.0,7,0
24.78,1,4,8,3,3.0,0.0,0.0,7,10
20.19,1,3,8,3,5.0,0.0,0.0,7,9
6.46,1,0,9,3,2.0,0.0,0.0,7,2
11.64,1,0,9,3,3.0,0.0,3.142857142857143,7,7
1.79,1,5,9,3,3.0,3.0,3.0,7,3
11.13,1,6,9,3,2.0,3.0,2.7142857142857144,7,3
10.36,1,6,9,3,1.0,3.0,2.4285714285714284,7,4
25.58,1,4,9,3,1.0,5.0,2.142857142857143,7,4
12.11,1,6,10,4,3.0,2.0,2.0,7,4
4.12,1,3,10,4,1.0,3.0,2.142857142857143,7,4
27.93,1,4,10,4,4.0,3.0,2.2857142857142856,7,0
25.01,1,6,10,4,4.0,2.0,2.5714285714285716,7,3
11.9,0,0,10,4,4.0,1.0,3.142857142857143,7,0
20.12,1,2,10,4,5.0,1.0,3.2857142857142856,7,8
9.02,1,2,10,4,2.0,3.0,3.142857142857143,7,2
29.24,1,1,11,4,2.0,1.0,3.4285714285714284,7,0
22.23,0,2,11,4,3.0,4.0,3.142857142857143,7,2
27.64,1,3,11,4,2.0,4.0,2.7142857142857144,7,3
11.45,1,0,11,4,1.0,4.0,2.2857142857142856,7,1
9.77,1,3,11,4,1.0,5.0,2.2857142857142856,7,3
2.94,1,3,12,4,5.0,2.0,2.5714285714285716,7,2
14.06,0,3,12,4,4.0,2.0,2.4285714285714284,7,8
13.27,1,3,12,4,1.0,3.0,2.142857142857143,7,0
9.65,0,5,12,4,1.0,2.0,2.0,7,5
18.35,1,6,12,4,1.0,1.0,2.142857142857143,7,9
27.88,0,2,1,1,2.0,1.0,2.4285714285714284,7,5
2.5,1,4,1,1,3.0,5.0,2.142857142857143,7,0
1.39,1,0,1,1,3.0,4.0,2.0,7,6
13.12,1,2,2,1,3.0,1.0,2.5714285714285716,7,1
12.53,0,0,2,1,5.0,1.0,3.142857142857143,7,4
2.87,1,0,2,1,5.0,1.0,3.4285714285714284,7,2
1.07,1,2,2,1,3.0,2.0,3.857142857142857,7,2
23.23,1,3,3,1,5.0,3.0,4.0,7,5
28.03,1,6,3,1,4.0,3.0,3.7142857142857144,7,0
13.12,1,0,3,1,1.0,3.0,4.0,7,3
26.03,1,2,3,1,5.0,5.0,3.5714285714285716,7,2
26.74,0,1,3,1,2.0,5.0,3.5714285714285716,7,2
4.77,0,6,4,2,5.0,3.0,3.4285714285714284,7,4
26.89,1,2,5,2,2.0,5.0,3.4285714285714284,7,1
20.65,1,1,5,2,5.0,4.0,3.5714285714285716,7,9
26.49,1,1,5,2,5.0,1.0,4.142857142857143,7,10
11.6,1,3,5,2,5.0,5.0,4.0,7,5
7.33,1,2,7,3,4.0,2.0,3.857142857142857,7,3
24.04,0,0,7,3,1.0,5.0,3.4285714285714284,7,3
28.52,1,6,7,3,2.0,2.0,3.2857142857142856,7,6
28.55,1,6,7,3,1.0,5.0,3.142857142857143,7,5
8.93,1,3,7,3,4.0,5.0,2.857142857142857,7,3
4.65,1,2,7,3,3.0,5.0,2.4285714285714284,7,6
8.42,0,6,8,3,2.0,4.0,2.5714285714285716,7,6
5.09,1,0,8,3,5.0,1.0,2.857142857142857,7,9
23.75,1,1,8,3,3.0,2.0,3.0,7,1
26.88,1,5,8,3,3.0,1.0,3.0,7,0
13.93,0,0,8,3,1.0,4.0,3.0,7,6
6.35,1,2,8,3,4.0,3.0,2.7142857142857144,7,10
10.2,1,0,9,3,1.0,2.0,2.857142857142857,7,2
14.31,1,3,9,3,3.0,5.0,2.2857142857142856,7,5
25.72,1,4,9,3,1.0,3.0,2.5714285714285716,7,2
17.67,1,5,9,3,5.0,3.0,2.7142857142857144,7,4
23.3,1,6,9,3,4.0,1.0,2.857142857142857,7,7
25.69,1,0,9,3,2.0,4.0,2.4285714285714284,7,4
20.29,1,0,9,3,1.0,1.0,2.7142857142857144,7,5
16.66,1,5,9,3,3.0,3.0,2.7142857142857144,7,0
9.72,1,1,10,4,3.0,1.0,3.0,7,7
26.24,1,1,10,4,3.0,5.0,2.4285714285714284,7,9
22.46,1,2,10,4,1.0,4.0,2.5714285714285716,7,8
8.09,0,4,10,4,5.0,2.0,3.0,7,0
28.6,1,6,10,4,5.0,1.0,3.2857142857142856,7,3
16.16,1,6,10,4,3.0,3.0,3.2857142857142856,7,0
29.86,0,0,11,4,3.0,3.0,3.4285714285714284,7,8
4.68,1,6,11,4,4.0,3.0,3.7142857142857144,7,7
24.1,1,2,11,4,5.0,1.0,4.142857142857143,7,9
18.42,1,2,12,4,4.0,5.0,3.7142857142857144,7,1
9.57,1,1,12,4,2.0,5.0,3.4285714285714284,7,0
29.17,1,6,12,4,3.0,3.0,3.7142857142857144,7,1
6.3,1,1,12,4,5.0,3.0,3.7142857142857144,7,1
20.33,1,2,12,4,3.0,4.0,3.2857142857142856,7,9
13.57,1,6,12,4,1.0,5.0,3.2857142857142856,7,3
27.68,1,2,12,4,5.0,4.0,3.2857142857142856,7,5
25.97,1,1,12,4,4.0,2.0,3.4285714285714284,7,6
16.24,1,6,1,1,3.0,3.0,3.142857142857143,7,6
20.53,1,2,1,1,1.0,5.0,2.5714285714285716,7,0
15.32,1,0,1,1,1.0,3.0,2.857142857142857,7,8
16.48,1,4,1,1,5.0,1.0,3.4285714285714284,7,1
2.72,1,4,1,1,5.0,5.0,2.857142857142857,7,1
13.94,1,6,1,1,1.0,4.0,2.857142857142857,7,2
25.82,1,1,1,1,4.0,3.0,3.0,7,10
13.16,1,4,2,1,4.0,1.0,3.0,7,7
29.11,1,1,2,1,1.0,1.0,3.0,7,9
22.13,1,3,3,1,1.0,5.0,2.5714285714285716,7,4
28.49,1,5,3,1,2.0,5.0,2.5714285714285716,7,6
4.38,1,0,3,1,5.0,1.0,2.857142857142857,7,10
29.02,1,0,3,1,3.0,4.0,3.0,7,1
5.69,1,5,4,2,5.0,4.0,2.5714285714285716,7,10
10.93,1,2,4,2,1.0,1.0,2.7142857142857144,7,7
29.14,1,2,4,2,2.0,1.0,3.142857142857143,7,6
5.97,1,2,4,2,4.0,2.0,3.2857142857142856,7,6
7.74,1,1,4,2,3.0,5.0,3.142857142857143,7,3
23.34,1,3,4,2,4.0,3.0,3.142857142857143,7,6
14.61,1,4,4,2,3.0,5.0,2.5714285714285716,7,10
4.56,1,1,4,2,1.0,1.0,3.0,7,9
13.36,1,5,5,2,4.0,2.0,2.857142857142857,7,3
11.24,1,6,5,2,1.0,4.0,3.0,7,2
3.88,1,4,5,2,5.0,3.0,2.7142857142857144,7,5
6.13,1,1,6,2,1.0,4.0,2.4285714285714284,7,9
9.94,1,3,6,2,2.0,3.0,2.2857142857142856,7,0
23.49,1,2,6,2,2.0,1.0,2.4285714285714284,7,0
9.55,1,2,7,3,2.0,4.0,2.0,7,3
4.69,1,5,7,3,1.0,1.0,2.0,7,3
28.04,1,3,7,3,1.0,5.0,1.8571428571428572,7,5
4.05,1,3,7,3,4.0,1.0,2.4285714285714284,7,5
14.84,1,5,7,3,5.0,2.0,2.2857142857142856,7,8
28.01,1,5,8,3,0.0,0.0,0.0,8,8
28.54,1,4,8,3,5.0,0.0,0.0,8,9
7.36,1,0,9,3,2.0,0.0,0.0,8,1
23.94,1,2,9,3,5.0,0.0,0.0,8,1
26.81,1,4,9,3,1.0,0.0,0.0,8,9
8.9,1,1,10,4,5.0,0.0,0.0,8,10
20.24,1,3,10,4,2.0,0.0,3.0,8,4
8.75,1,4,10,4,1.0,5.0,2.4285714285714284,8,7
6.45,1,4,10,4,1.0,2.0,2.7142857142857144,8,7
29.56,1,2,10,4,4.0,5.0,2.4285714285714284,8,9
3.64,1,5,10,4,3.0,1.0,2.5714285714285716,8,2
28.38,1,1,11,4,2.0,5.0,2.142857142857143,8,10
12.26,1,2,11,4,2.0,2.0,2.4285714285714284,8,6
14.52,1,6,11,4,4.0,1.0,2.5714285714285716,8,9
17.17,1,1,11,4,2.0,1.0,2.5714285714285716,8,3
5.26,1,3,11,4,1.0,4.0,2.2857142857142856,8,9
18.83,1,4,11,4,2.0,3.0,2.4285714285714284,8,3
23.43,1,1,11,4,4.0,2.0,2.857142857142857,8,0
29.53,1,3,11,4,5.0,2.0,3.2857142857142856,8,2
13.13,1,5,12,4,5.0,4.0,3.2857142857142856,8,7
12.95,0,6,12,4,4.0,2.0,3.4285714285714284,8,5
18.66,1,6,12,4,3.0,1.0,4.0,8,5
11.31,1,5,2,1,5.0,2.0,4.428571428571429,8,0
9.6,0,3,2,1,5.0,4.0,4.142857142857143,8,7
26.64,1,6,2,1,2.0,5.0,4.0,8,3
9.26,1,2,3,1,4.0,5.0,3.4285714285714284,8,5
6.11,1,4,3,1,1.0,4.0,3.4285714285714284,8,0
6.52,1,5,3,1,4.0,3.0,3.2857142857142856,8,3
20.21,1,6,3,1,2.0,5.0,2.857142857142857,8,8
23.33,1,0,3,1,2.0,5.0,2.7142857142857144,8,8
19.42,1,1,3,1,4.0,2.0,2.857142857142857,8,8
2.25,1,6,3,1,3.0,4.0,3.0,8,8
17.53,1,2,4,2,5.0,1.0,3.5714285714285716,8,8
10.5,1,4,4,2,5.0,4.0,3.142857142857143,8,8
15.3,1,5,4,2,1.0,2.0,3.2857142857142856,8,3
7.79,0,2,5,2,3.0,2.0,3.2857142857142856,8,9
8.5,1,6,5,2,2.0,4.0,3.0,8,10
24.23,1,2,5,2,2.0,3.0,3.142857142857143,8,2
15.06,1,3,6,2,4.0,5.0,3.0,8,9
20.66,1,6,8,3,4.0,5.0,2.4285714285714284,8,9
8.29,1,6,8,3,1.0,1.0,2.7142857142857144,8,2
19.48,1,6,8,3,3.0,3.0,2.4285714285714284,8,7
22.95,1,1,8,3,1.0,2.0,2.7142857142857144,8,4
2.46,0,1,9,3,4.0,2.0,2.7142857142857144,8,6
21.21,1,2,9,3,2.0,4.0,2.2857142857142856,8,3
9.67,0,3,10,4,1.0,4.0,2.142857142857143,8,6
29.61,1,6,10,4,3.0,1.0,2.4285714285714284,8,1
18.72,1,1,10,4,3.0,3.0,2.142857142857143,8,2
24.11,1,4,10,4,1.0,1.0,2.4285714285714284,8,0
5.16,1,5,10,4,3.0,4.0,2.142857142857143,8,1
8.54,0,1,10,4,2.0,2.0,2.5714285714285716,8,7
6.98,1,5,10,4,5.0,1.0,2.857142857142857,8,2
10.73,1,1,11,4,3.0,3.0,2.857142857142857,8,4
20.71,1,1,11,4,3.0,3.0,3.0,8,4
21.93,0,1,11,4,4.0,1.0,3.4285714285714284,8,7
3.26,1,2,11,4,4.0,3.0,3.7142857142857144,8,0
7.93,1,0,11,4,5.0,2.0,4.142857142857143,8,1
24.1,1,6,11,4,5.0,5.0,3.7142857142857144,8,7
16.81,1,3,12,4,2.0,3.0,4.0,8,6
19.52,1,4,12,4,5.0,3.0,4.142857142857143,8,9
24.93,1,2,12,4,4.0,4.0,3.7142857142857144,8,9
9.71,1,5,12,4,1.0,4.0,3.4285714285714284,8,1
17.19,1,3,1,1,2.0,5.0,3.4285714285714284,8,8
27.33,1,5,3,1,5.0,5.0,3.0,8,8
4.01,1,4,3,1,2.0,2.0,3.4285714285714284,8,6
8.79,0,4,3,1,5.0,5.0,3.0,8,0
27.98,1,1,4,2,2.0,4.0,2.7142857142857144,8,5
12.45,1,2,4,2,2.0,1.0,2.7142857142857144,8,8
14.89,0,5,4,2,1.0,2.0,2.7142857142857144,8,6
28.0,1,1,4,2,2.0,5.0,2.142857142857143,8,4
17.29,1,3,5,2,1.0,2.0,2.0,8,6
17.02,0,4,5,2,1.0,5.0,1.7142857142857142,8,5
29.45,1,4,5,2,3.0,2.0,2.142857142857143,8,7
19.24,1,1,5,2,5.0,2.0,2.0,8,2
3.06,1,2,5,2,1.0,1.0,2.142857142857143,8,4
8.71,0,3,5,2,2.0,2.0,2.0,8,0
29.24,0,0,5,2,1.0,1.0,2.0,8,8
5.94,1,1,6,2,1.0,1.0,2.5714285714285716,8,0
16.98,1,2,6,2,5.0,3.0,2.7142857142857144,8,1
18.23,1,1,6,2,4.0,5.0,2.7142857142857144,8,6
18.03,1,3,6,2,5.0,1.0,3.2857142857142856,8,5
12.26,1,1,6,2,5.0,2.0,3.5714285714285716,8,8
5.48,1,5,6,2,4.0,1.0,3.7142857142857144,8,0
29.28,1,1,7,3,2.0,1.0,3.7142857142857144,8,2
14.23,0,5,7,3,1.0,5.0,3.142857142857143,8,9
22.38,1,0,7,3,1.0,4.0,2.857142857142857,8,4
5.25,1,6,7,3,2.0,5.0,2.4285714285714284,8,7
7.09,1,1,7,3,2.0,5.0,2.142857142857143,8,3
14.1,1,5,8,3,3.0,4.0,1.8571428571428572,8,0
27.13,1,5,8,3,0.0,0.0,0.0,9,2
15.71,1,6,8,3,2.0,0.0,0.0,9,3
3.54,1,2,8,3,4.0,0.0,0.0,9,8
7.11,1,3,9,3,4.0,0.0,0.0,9,5
17.04,1,1,9,3,1.0,0.0,0.0,9,10
3.69,1,5,9,3,1.0,0.0,0.0,9,9
17.56,1,1,10,4,3.0,0.0,2.2857142857142856,9,6
17.65,1,1,10,4,1.0,2.0,2.4285714285714284,9,3
13.53,1,2,10,4,3.0,4.0,2.4285714285714284,9,9
8.8,1,4,10,4,4.0,4.0,2.142857142857143,9,0
2.97,1,5,10,4,2.0,1.0,2.7142857142857144,9,8
27.2,1,0,11,4,5.0,1.0,3.2857142857142856,9,4
5.67,1,4,12,4,5.0,3.0,3.2857142857142856,9,1
21.3,1,1,12,4,3.0,1.0,3.4285714285714284,9,7
23.48,1,3,12,4,2.0,3.0,3.4285714285714284,9,7
12.04,1,6,12,4,3.0,4.0,3.142857142857143,9,6
8.94,0,6,12,4,2.0,2.0,3.2857142857142856,9,10
12.23,1,4,1,1,3.0,5.0,3.142857142857143,9,4
14.49,0,2,1,1,4.0,5.0,2.5714285714285716,9,0
14.0,1,5,1,1,1.0,3.0,2.857142857142857,9,5
8.35,1,6,1,1,5.0,2.0,2.7142857142857144,9,6
13.74,1,5,1,1,1.0,3.0,2.5714285714285716,9,3
20.84,1,3,2,1,2.0,2.0,2.5714285714285716,9,5
1.13,1,3,2,1,2.0,3.0,2.857142857142857,9,1
25.1,1,3,2,1,5.0,4.0,3.0,9,4
22.6,1,4,2,1,5.0,1.0,3.5714285714285716,9,6
25.22,1,6,2,1,5.0,5.0,3.5714285714285716,9,9
28.2,1,1,3,1,5.0,1.0,3.7142857142857144,9,0
12.23,1,4,4,2,2.0,2.0,4.0,9,0
2.38,1,2,4,2,4.0,2.0,3.857142857142857,9,4
19.69,1,0,4,2,1.0,5.0,3.2857142857142856,9,7
14.37,1,4,4,2,1.0,5.0,3.2857142857142856,9,7
3.4,0,2,5,2,5.0,5.0,3.0,9,4
4.23,1,4,5,2,3.0,5.0,3.0,9,5
22.31,1,5,5,2,5.0,2.0,3.4285714285714284,9,10
10.26,1,2,5,2,5.0,4.0,3.142857142857143,9,6
4.39,1,5,5,2,2.0,1.0,3.2857142857142856,9,0
29.53,1,0,5,2,2.0,1.0,3.5714285714285716,9,8
29.4,0,4,5,2,3.0,5.0,3.142857142857143,9,10
15.17,1,1,5,2,2.0,3.0,3.0,9,3
16.01,1,3,5,2,2.0,5.0,2.4285714285714284,9,8
24.56,0,1,6,2,1.0,5.0,1.8571428571428572,9,1
13.31,1,1,6,2,1.0,2.0,2.0,9,10
8.88,1,3,6,2,3.0,2.0,1.8571428571428572,9,6
29.42,1,3,6,2,1.0,3.0,1.5714285714285714,9,7
28.81,0,1,7,3,1.0,2.0,1.4285714285714286,9,6
19.56,1,1,7,3,1.0,2.0,1.4285714285714286,9,6
23.86,0,5,7,3,2.0,1.0,1.7142857142857142,9,5
14.63,1,0,7,3,3.0,1.0,1.8571428571428572,9,6
13.72,1,3,7,3,2.0,3.0,2.0,9,0
4.09,1,3,7,3,4.0,1.0,2.142857142857143,9,7
11.36,1,4,7,3,2.0,1.0,2.142857142857143,9,6
26.67,0,3,8,3,1.0,1.0,2.2857142857142856,9,10
3.88,1,4,8,3,2.0,2.0,2.142857142857143,9,5
7.12,1,5,8,3,1.0,3.0,2.0,9,8
2.46,0,1,8,3,2.0,2.0,2.2857142857142856,9,3
8.7,0,2,8,3,4.0,4.0,2.4285714285714284,9,7
10.51,1,2,9,3,5.0,2.0,2.2857142857142856,9,8
17.97,1,6,9,3,1.0,1.0,2.5714285714285716,9,8
25.7,1,0,9,3,3.0,2.0,2.4285714285714284,9,3
23.81,1,3,9,3,1.0,1.0,2.4285714285714284,9,5
13.11,1,3,10,4,1.0,2.0,2.4285714285714284,9,8
21.28,1,0,10,4,2.0,4.0,2.142857142857143,9,6
4.16,1,2,11,4,2.0,5.0,2.142857142857143,9,8
11.23,1,4,11,4,5.0,1.0,2.2857142857142856,9,4
5.1,1,4,11,4,2.0,3.0,2.142857142857143,9,0
3.76,1,5,11,4,2.0,1.0,2.4285714285714284,9,8
28.4,1,6,11,4,3.0,1.0,2.4285714285714284,9,8
20.65,1,1,11,4,1.0,2.0,2.4285714285714284,9,1
8.08,1,2,11,4,2.0,2.0,2.2857142857142856,9,9
8.73,1,0,12,4,1.0,5.0,1.8571428571428572,9,5
6.91,1,2,12,4,2.0,2.0,2.0,9,7
25.44,1,6,12,4,3.0,2.0,2.4285714285714284,9,6
11.33,1,6,12,4,5.0,3.0,2.5714285714285716,9,1
8.92,1,0,12,4,4.0,1.0,3.0,9,9
20.45,1,0,1,1,4.0,2.0,2.857142857142857,9,5
2.35,1,5,2,1,1.0,1.0,3.0,9,8
18.11,1,0,2,1,2.0,2.0,2.857142857142857,9,2
17.01,1,0,3,1,1.0,3.0,2.857142857142857,9,3
3.98,0,4,3,1,3.0,5.0,2.5714285714285716,9,9
13.06,1,6,3,1,3.0,4.0,2.142857142857143,9,10
27.6,1,4,3,1,1.0,4.0,1.7142857142857142,9,8
1.68,1,5,3,1,1.0,1.0,2.142857142857143,9,7
12.37,0,3,3,1,4.0,2.0,2.142857142857143,9,10
26.45,1,5,3,1,2.0,1.0,2.2857142857142856,9,0
15.16,1,0,3,1,2.0,3.0,2.5714285714285716,9,7
20.85,1,3,3,1,5.0,3.0,2.2857142857142856,9,2
14.82,1,5,3,1,1.0,1.0,2.857142857142857,9,9
24.28,1,6,3,1,5.0,1.0,3.4285714285714284,9,7
29.74,1,3,4,2,5.0,4.0,3.0,9,10
20.9,1,0,4,2,1.0,2.0,3.4285714285714284,9,2
21.46,1,3,4,2,5.0,2.0,3.7142857142857144,9,4
15.34,1,2,4,2,4.0,5.0,3.2857142857142856,9,4
26.31,1,1,4,2,2.0,1.0,3.5714285714285716,9,10
13.71,1,2,4,2,3.0,5.0,3.4285714285714284,9,10
6.59,0,6,5,2,4.0,5.0,2.857142857142857,9,10
8.71,1,6,5,2,1.0,1.0,3.4285714285714284,9,9
14.35,1,1,6,2,5.0,5.0,3.0,9,0
25.23,1,4,6,2,2.0,4.0,2.7142857142857144,9,6
15.7,1,5,6,2,2.0,2.0,2.857142857142857,9,4
12.57,1,1,6,2,3.0,3.0,3.142857142857143,9,1
27.16,1,1,7,3,5.0,4.0,2.857142857142857,9,10
24.26,1,6,7,3,2.0,1.0,3.4285714285714284,9,9
29.27,1,0,7,3,5.0,5.0,3.142857142857143,9,0
16.46,1,3,7,3,3.0,2.0,3.4285714285714284,9,4
4.44,1,5,7,3,4.0,2.0,3.7142857142857144,9,6
2.75,1,2,7,3,4.0,3.0,3.4285714285714284,9,1
6.55,1,0,7,3,1.0,5.0,3.0,9,7
12.05,1,1,8,3,0.0,0.0,0.0,10,3
24.68,1,3,8,3,5.0,0.0,0.0,10,5
25.04,1,3,8,3,2.0,0.0,0.0,10,3
8.35,0,6,9,3,3.0,0.0,0.0,10,8
16.47,1,1,9,3,4.0,0.0,0.0,10,1
7.53,0,4,9,3,2.0,0.0,0.0,10,9
3.13,1,5,9,3,3.0,0.0,3.0,10,5
14.85,1,5,9,3,2.0,5.0,2.7142857142857144,10,2
26.45,0,1,10,4,3.0,2.0,2.857142857142857,10,4
22.47,1,2,10,4,3.0,3.0,2.857142857142857,10,8
1.13,1,6,10,4,3.0,4.0,2.7142857142857144,10,5
10.96,1,2,11,4,3.0,2.0,3.142857142857143,10,1
13.7,1,3,11,4,5.0,3.0,3.142857142857143,10,4
5.84,0,3,11,4,3.0,2.0,3.2857142857142856,10,7
1.01,1,5,11,4,3.0,3.0,3.0,10,2
29.94,1,5,11,4,1.0,3.0,3.2857142857142856,10,10
7.38,1,3,11,4,5.0,3.0,3.4285714285714284,10,0
16.42,1,2,11,4,4.0,3.0,3.5714285714285716,10,1
14.73,0,5,12,4,4.0,5.0,3.142857142857143,10,5
27.01,1,6,12,4,2.0,3.0,3.2857142857142856,10,10
19.32,0,6,12,4,4.0,3.0,3.0,10,6
15.66,1,0,12,4,1.0,1.0,3.142857142857143,10,3
22.44,1,1,12,4,2.0,5.0,2.7142857142857144,10,4
28.68,1,2,12,4,2.0,4.0,2.5714285714285716,10,7
10.6,0,4,12,4,3.0,4.0,2.2857142857142856,10,5
17.25,1,6,1,1,2.0,2.0,2.142857142857143,10,7
4.62,1,4,1,1,1.0,4.0,2.0,10,5
10.97,1,4,1,1,3.0,1.0,2.4285714285714284,10,1
3.04,0,6,1,1,4.0,2.0,2.4285714285714284,10,7
21.2,1,1,1,1,2.0,2.0,2.857142857142857,10,2
17.01,1,2,1,1,5.0,3.0,2.5714285714285716,10,4
27.28,1,4,2,1,1.0,2.0,2.857142857142857,10,5
12.12,0,0,2,1,4.0,1.0,3.142857142857143,10,5
11.27,1,6,2,1,3.0,3.0,2.857142857142857,10,3
24.88,0,3,2,1,1.0,4.0,2.4285714285714284,10,2
7.19,1,4,3,1,1.0,2.0,2.5714285714285716,10,8
7.01,1,5,3,1,3.0,5.0,2.142857142857143,10,3
11.44,1,1,3,1,2.0,1.0,2.5714285714285716,10,5
12.15,1,2,3,1,4.0,4.0,2.5714285714285716,10,10
3.21,1,1,3,1,4.0,3.0,2.857142857142857,10,2
2.41,0,3,3,1,5.0,1.0,3.0,10,4
23.81,1,0,4,2,2.0,1.0,3.5714285714285716,10,7
5.88,0,2,4,2,5.0,3.0,3.7142857142857144,10,3
12.79,1,1,4,2,4.0,2.0,3.7142857142857144,10,9
15.2,0,1,4,2,2.0,4.0,3.7142857142857144,10,10
17.08,1,2,4,2,4.0,4.0,3.4285714285714284,10,1
1.03,1,4,4,2,2.0,5.0,2.857142857142857,10,0
21.91,1,4,4,2,1.0,2.0,3.0,10,5
24.83,1,0,5,2,3.0,5.0,2.4285714285714284,10,2
3.49,1,0,5,2,1.0,4.0,2.142857142857143,10,10
1.18,1,3,5,2,2.0,2.0,2.142857142857143,10,8
7.51,1,2,5,2,2.0,4.0,2.0,10,4
14.03,1,0,5,2,3.0,2.0,1.8571428571428572,10,1
14.13,0,3,5,2,1.0,1.0,2.142857142857143,10,6
13.45,1,0,5,2,3.0,3.0,2.0,10,6
18.65,1,5,6,2,2.0,1.0,2.0,10,6
17.66,1,0,6,2,1.0,2.0,1.8571428571428572,10,4
25.56,1,1,6,2,1.0,2.0,1.8571428571428572,10,9
25.72,1,3,6,2,2.0,3.0,2.142857142857143,10,4
12.5,1,4,7,3,5.0,1.0,2.4285714285714284,10,2
13.71,1,2,7,3,3.0,3.0,2.2857142857142856,10,2
20.29,1,1,7,3,2.0,2.0,2.142857142857143,10,0
14.1,1,3,8,3,1.0,1.0,2.4285714285714284,10,5
23.15,1,3,8,3,3.0,1.0,2.4285714285714284,10,4
26.98,0,3,8,3,1.0,2.0,2.5714285714285716,10,9
18.02,1,6,8,3,3.0,5.0,2.4285714285714284,10,5
9.25,1,3,8,3,4.0,3.0,2.4285714285714284,10,4
18.0,0,2,9,3,3.0,2.0,2.2857142857142856,10,7
6.85,1,5,9,3,1.0,1.0,2.857142857142857,10,9
3.74,1,2,9,3,5.0,3.0,2.7142857142857144,10,8
6.17,1,5,9,3,2.0,1.0,3.0,10,9
29.16,1,1,9,3,3.0,3.0,3.2857142857142856,10,1
12.39,1,2,9,3,5.0,4.0,3.0,10,7
24.2,1,2,9,3,2.0,3.0,3.142857142857143,10,9
27.03,1,2,10,4,4.0,1.0,3.7142857142857144,10,8
20.84,1,1,10,4,5.0,5.0,3.2857142857142856,10,5
23.71,1,1,10,4,2.0,2.0,3.7142857142857144,10,10
9.82,1,4,10,4,5.0,3.0,3.5714285714285716,10,0
13.46,1,5,11,4,2.0,5.0,3.142857142857143,10,5
27.28,0,5,11,4,2.0,2.0,3.0,10,0
21.02,1,3,11,4,1.0,4.0,2.7142857142857144,10,1
19.81,0,5,11,4,2.0,5.0,2.142857142857143,10,0
27.35,1,2,11,4,1.0,2.0,2.2857142857142856,10,8
20.94,1,6,12,4,3.0,5.0,1.7142857142857142,10,1
26.97,1,1,12,4,1.0,2.0,2.0,10,6
21.63,1,6,12,4,4.0,2.0,2.142857142857143,10,4
12.3,1,6,12,4,3.0,1.0,2.4285714285714284,10,1
28.01,1,2,1,1,3.0,2.0,2.5714285714285716,10,9
17.73,1,4,1,1,3.0,1.0,2.857142857142857,10,4
4.32,1,6,1,1,3.0,3.0,2.857142857142857,10,2
11.19,1,2,1,1,3.0,1.0,3.4285714285714284,10,3
16.83,1,1,1,1,5.0,4.0,3.2857142857142856,10,1
2.37,1,4,1,1,3.0,3.0,3.5714285714285716,10,4
20.22,1,0,1,1,5.0,3.0,3.7142857142857144,10,1
10.29,1,5,2,1,4.0,3.0,3.5714285714285716,10,8
8.89,0,6,2,1,2.0,3.0,3.4285714285714284,10,3
23.1,0,0,2,1,2.0,3.0,3.5714285714285716,10,10
6.03,1,1,2,1,4.0,5.0,3.5714285714285716,10,6
9.51,0,3,2,1,5.0,3.0,3.4285714285714284,10,5
6.56,1,5,2,1,2.0,5.0,3.0,10,9
4.89,1,6,2,1,2.0,4.0,3.0,10,10
4.08,0,5,2,1,4.0,2.0,3.4285714285714284,10,9
21.97,1,6,2,1,5.0,2.0,3.4285714285714284,10,0
29.69,1,0,3,1,2.0,4.0,3.142857142857143,10,1
20.72,0,1,3,1,2.0,5.0,2.5714285714285716,10,4
27.53,1,1,3,1,1.0,2.0,2.4285714285714284,10,7
22.52,1,2,3,1,1.0,2.0,2.4285714285714284,10,3
7.48,1,4,4,2,2.0,4.0,2.2857142857142856,10,1
22.05,1,2,4,2,3.0,5.0,2.0,10,3
8.58,1,5,4,2,3.0,2.0,1.8571428571428572,10,10
9.72,1,0,4,2,1.0,2.0,1.8571428571428572,10,10
20.2,1,3,4,2,2.0,1.0,2.0,10,10
13.25,0,4,4,2,2.0,1.0,2.0,10,10
10.88,0,3,5,2,1.0,2.0,2.0,10,4
24.83,1,1,5,2,2.0,3.0,2.142857142857143,10,2
2.46,1,0,5,2,4.0,3.0,1.8571428571428572,10,1
27.53,0,5,5,2,1.0,1.0,2.142857142857143,10,9
11.86,1,3,5,2,3.0,2.0,2.0,10,1
20.11,0,1,5,2,1.0,2.0,2.0,10,2
29.39,1,4,5,2,2.0,1.0,2.142857142857143,10,6
0.99,1,1,6,2,2.0,2.0,2.5714285714285716,10,9
2.99,1,3,6,2,5.0,4.0,2.2857142857142856,10,4
14.48,1,3,6,2,2.0,1.0,2.4285714285714284,10,5
9.83,1,6,6,2,2.0,3.0,2.142857142857143,10,8
12.0,1,0,6,2,1.0,1.0,2.2857142857142856,10,1
3.62,1,3,7,3,2.0,2.0,2.4285714285714284,10,8
2.51,1,3,7,3,3.0,2.0,2.2857142857142856,10,9
11.73,1,1,8,3,0.0,0.0,0.0,11,1
25.0,1,2,8,3,4.0,0.0,0.0,11,5
17.17,1,1,9,3,2.0,0.0,0.0,11,10
11.56,1,5,9,3,3.0,0.0,0.0,11,10
27.4,0,6,9,3,3.0,0.0,0.0,11,3
14.92,0,0,9,3,4.0,0.0,0.0,11,3
17.92,1,2,9,3,5.0,0.0,3.4285714285714284,11,8
14.06,1,2,10,4,3.0,4.0,3.4285714285714284,11,2
9.48,1,5,10,4,4.0,2.0,3.857142857142857,11,4
8.66,1,4,10,4,5.0,3.0,4.142857142857143,11,2
7.91,0,0,10,4,5.0,3.0,4.428571428571429,11,9
7.96,1,2,10,4,5.0,4.0,4.428571428571429,11,3
13.0,1,2,10,4,4.0,5.0,4.428571428571429,11,3
12.63,1,2,10,4,5.0,3.0,4.571428571428571,11,5
21.64,1,6,11,4,4.0,4.0,4.571428571428571,11,8
17.01,1,0,11,4,4.0,5.0,4.285714285714286,11,7
27.03,1,3,11,4,3.0,5.0,4.0,11,6
25.81,1,5,12,4,3.0,5.0,4.0,11,7
19.76,1,2,12,4,5.0,4.0,4.142857142857143,11,5
5.86,0,1,1,1,5.0,5.0,3.857142857142857,11,0
4.72,1,2,1,1,3.0,4.0,3.7142857142857144,11,0
3.6,0,1,1,1,3.0,4.0,3.4285714285714284,11,4
21.33,1,2,1,1,2.0,3.0,3.142857142857143,11,10
19.34,1,6,1,1,1.0,3.0,3.4285714285714284,11,0
24.79,1,2,1,1,5.0,5.0,3.142857142857143,11,1
20.66,0,2,1,1,3.0,5.0,3.142857142857143,11,2
11.73,0,5,2,1,5.0,3.0,3.0,11,5
7.34,1,6,2,1,2.0,3.0,2.7142857142857144,11,1
28.55,0,3,2,1,1.0,2.0,3.0,11,4
3.66,1,4,2,1,4.0,1.0,3.142857142857143,11,9
11.51,1,2,2,1,2.0,5.0,2.5714285714285716,11,8
10.79,1,0,3,1,1.0,3.0,2.2857142857142856,11,7
15.64,0,6,3,1,1.0,5.0,2.142857142857143,11,4
29.98,1,6,3,1,4.0,2.0,2.5714285714285716,11,8
18.22,1,6,3,1,5.0,1.0,3.0,11,0
9.88,1,5,4,2,4.0,4.0,2.857142857142857,11,2
16.37,1,0,4,2,3.0,2.0,3.142857142857143,11,5
14.11,1,2,4,2,4.0,1.0,3.4285714285714284,11,7
24.67,1,4,4,2,3.0,1.0,3.4285714285714284,11,2
3.82,1,1,4,2,1.0,4.0,3.0,11,8
17.86,1,1,4,2,1.0,5.0,2.4285714285714284,11,9
16.6,0,2,5,2,1.0,4.0,2.5714285714285716,11,8
27.08,1,5,5,2,5.0,3.0,2.7142857142857144,11,10
22.61,1,2,5,2,4.0,4.0,2.857142857142857,11,4
9.75,0,3,5,2,5.0,3.0,2.5714285714285716,11,2
3.64,1,3,5,2,1.0,1.0,2.5714285714285716,11,2
10.45,1,4,5,2,1.0,1.0,2.5714285714285716,11,1
2.46,1,2,6,2,1.0,1.0,2.5714285714285716,11,6
13.48,1,4,6,2,1.0,5.0,2.2857142857142856,11,4
28.71,1,5,7,3,3.0,4.0,1.8571428571428572,11,9
23.92,1,1,7,3,1.0,5.0,1.2857142857142858,11,8
20.7,1,3,7,3,1.0,1.0,1.4285714285714286,11,4
5.97,1,0,7,3,2.0,1.0,2.0,11,4
1.3,1,2,7,3,5.0,1.0,2.4285714285714284,11,10
28.16,1,4,8,3,4.0,1.0,3.0,11,2
24.06,1,3,8,3,5.0,3.0,2.7142857142857144,11,1
13.51,1,1,9,3,1.0,1.0,2.7142857142857144,11,7
10.32,1,4,9,3,1.0,1.0,2.7142857142857144,11,4
29.06,1,6,10,4,1.0,2.0,2.7142857142857144,11,5
7.32,1,1,10,4,2.0,5.0,2.4285714285714284,11,2
4.19,0,1,10,4,3.0,4.0,2.2857142857142856,11,6
28.64,1,1,10,4,3.0,5.0,1.7142857142857142,11,8
29.13,1,2,10,4,1.0,1.0,2.2857142857142856,11,7
16.99,1,4,10,4,5.0,1.0,2.857142857142857,11,7
5.2,1,0,10,4,5.0,1.0,3.142857142857143,11,0
6.85,0,2,11,4,3.0,2.0,3.2857142857142856,11,5
6.71,0,4,11,4,3.0,3.0,3.2857142857142856,11,7
15.57,1,4,11,4,3.0,3.0,3.2857142857142856,11,3
27.05,1,6,11,4,3.0,1.0,3.2857142857142856,11,0
5.71,1,6,11,4,1.0,5.0,3.0,11,7
20.03,1,3,11,4,3.0,5.0,2.857142857142857,11,7
21.36,1,5,11,4,4.0,3.0,3.0,11,3
12.09,1,6,12,4,4.0,3.0,3.0,11,0
7.01,1,6,12,4,3.0,3.0,2.7142857142857144,11,8
3.89,0,3,12,4,1.0,3.0,2.5714285714285716,11,7
24.32,1,0,12,4,2.0,1.0,3.142857142857143,11,10
3.93,1,2,1,1,5.0,3.0,2.857142857142857,11,10
25.74,1,5,1,1,1.0,4.0,2.5714285714285716,11,3
29.27,1,6,1,1,2.0,4.0,2.4285714285714284,11,2
11.7,1,2,1,1,3.0,3.0,2.5714285714285716,11,7
16.1,1,4,1,1,4.0,1.0,3.142857142857143,11,1
5.59,1,5,2,1,5.0,2.0,3.0,11,5
12.23,0,0,2,1,1.0,5.0,2.7142857142857144,11,2
18.56,1,0,2,1,3.0,1.0,2.857142857142857,11,4
26.28,1,1,2,1,2.0,2.0,2.7142857142857144,11,0
10.8,1,1,2,1,1.0,3.0,2.7142857142857144,11,3
15.48,1,2,2,1,3.0,4.0,2.2857142857142856,11,8
14.56,1,2,2,1,1.0,5.0,1.8571428571428572,11,9
17.04,1,5,3,1,2.0,1.0,1.8571428571428572,11,4
15.59,1,2,3,1,1.0,3.0,1.8571428571428572,11,2
19.3,1,5,3,1,3.0,2.0,2.2857142857142856,11,1
28.69,1,6,3,1,5.0,1.0,2.7142857142857144,11,2
15.93,1,0,3,1,4.0,3.0,2.4285714285714284,11,8
2.49,0,2,4,2,1.0,1.0,2.5714285714285716,11,3
9.14,1,4,4,2,2.0,2.0,3.0,11,9
12.94,1,4,4,2,5.0,1.0,3.4285714285714284,11,4
6.36,1,1,4,2,4.0,3.0,3.7142857142857144,11,1
7.53,0,3,5,2,5.0,5.0,3.4285714285714284,11,1
11.99,1,0,5,2,3.0,4.0,3.4285714285714284,11,6
1.01,0,5,5,2,4.0,1.0,3.857142857142857,11,8
5.46,1,5,5,2,4.0,2.0,4.142857142857143,11,10
26.16,1,3,5,2,4.0,5.0,4.0,11,10
12.5,1,3,5,2,4.0,4.0,3.5714285714285716,11,10
26.94,1,1,6,2,1.0,5.0,3.5714285714285716,11,0
19.85,1,1,6,2,5.0,3.0,3.4285714285714284,11,6
3.22,1,3,6,2,2.0,4.0,3.2857142857142856,11,9
6.25,1,5,6,2,3.0,4.0,2.857142857142857,11,2
29.44,1,0,7,3,1.0,4.0,2.4285714285714284,11,0
6.89,1,2,7,3,1.0,4.0,2.0,11,0
3.06,1,3,7,3,1.0,1.0,2.4285714285714284,11,2
23.12,1,5,7,3,4.0,5.0,2.2857142857142856,11,2
18.33,1,5,7,3,4.0,2.0,2.142857142857143,11,4
15.33,1,0,8,3,0.0,0.0,0.0,12,7
18.84,0,3,8,3,1.0,0.0,0.0,12,0
7.46,0,5,8,3,3.0,0.0,0.0,12,9
3.41,1,0,9,3,2.0,0.0,0.0,12,4
12.04,1,4,9,3,2.0,0.0,0.0,12,5
25.99,1,5,9,3,5.0,0.0,0.0,12,1
4.13,0,2,9,3,3.0,0.0,2.4285714285714284,12,7
10.85,1,6,10,4,1.0,1.0,2.857142857142857,12,3
29.96,1,1,10,4,4.0,3.0,2.5714285714285716,12,4
23.32,1,2,10,4,1.0,2.0,2.4285714285714284,12,8
4.45,1,3,10,4,1.0,2.0,2.7142857142857144,12,2
1.8,1,6,11,4,4.0,5.0,2.2857142857142856,12,10
10.58,1,3,11,4,2.0,3.0,2.0,12,6
19.29,1,1,11,4,1.0,1.0,2.4285714285714284,12,6
24.57,0,1,11,4,4.0,4.0,2.5714285714285716,12,8
6.2,1,5,12,4,5.0,1.0,3.0,12,9
25.69,1,6,12,4,4.0,1.0,3.2857142857142856,12,6
10.72,1,3,12,4,3.0,4.0,3.2857142857142856,12,9
1.57,0,0,1,1,4.0,2.0,3.4285714285714284,12,8
19.05,1,0,1,1,3.0,1.0,3.7142857142857144,12,10
20.53,1,1,1,1,3.0,4.0,3.7142857142857144,12,9
9.79,1,2,1,1,4.0,5.0,3.2857142857142856,12,10
21.68,0,2,1,1,2.0,4.0,2.857142857142857,12,6
21.33,1,3,2,1,1.0,3.0,2.7142857142857144,12,9
16.58,1,6,2,1,2.0,4.0,2.4285714285714284,12,9
27.4,1,0,2,1,2.0,3.0,2.4285714285714284,12,6
26.96,1,2,2,1,3.0,3.0,2.5714285714285716,12,5
6.96,1,4,3,1,4.0,4.0,2.7142857142857144,12,3
21.34,1,1,3,1,5.0,2.0,3.0,12,8
17.33,1,3,3,1,4.0,1.0,3.5714285714285716,12,3
22.89,1,4,3,1,5.0,2.0,3.5714285714285716,12,9
17.43,1,5,3,1,2.0,2.0,4.0,12,6
3.86,1,6,3,1,5.0,3.0,4.285714285714286,12,8
21.01,1,5,3,1,5.0,4.0,4.285714285714286,12,0
8.62,1,2,3,1,4.0,5.0,3.857142857142857,12,0
22.88,1,0,4,2,2.0,4.0,3.5714285714285716,12,10
3.83,1,1,4,2,2.0,5.0,3.0,12,0
1.3,1,3,4,2,1.0,2.0,3.142857142857143,12,7
13.57,1,1,4,2,3.0,5.0,2.5714285714285716,12,3
20.11,1,3,5,2,1.0,5.0,2.4285714285714284,12,9
15.69,1,4,5,2,4.0,4.0,2.0,12,2
11.14,1,3,5,2,1.0,2.0,2.0,12,2
20.41,1,1,5,2,2.0,2.0,2.0,12,2
29.2,1,5,6,2,2.0,1.0,2.4285714285714284,12,8
3.51,1,6,6,2,4.0,3.0,2.5714285714285716,12,9
25.87,1,4,6,2,4.0,1.0,2.857142857142857,12,6
3.64,0,4,7,3,3.0,4.0,2.4285714285714284,12,6
24.79,1,5,7,3,1.0,1.0,2.7142857142857144,12,0
15.5,0,1,7,3,3.0,2.0,3.142857142857143,12,3
6.29,1,6,7,3,5.0,2.0,3.4285714285714284,12,1
19.06,0,0,8,3,4.0,4.0,3.5714285714285716,12,10
3.77,1,3,8,3,5.0,4.0,3.2857142857142856,12,5
18.36,1,1,9,3,2.0,3.0,3.4285714285714284,12,4
4.02,1,2,9,3,4.0,1.0,3.4285714285714284,12,0
28.58,0,0,9,3,1.0,3.0,3.5714285714285716,12,0
27.73,1,2,10,4,4.0,5.0,3.0,12,1
18.49,1,4,10,4,1.0,4.0,2.857142857142857,12,5
25.01,1,4,10,4,3.0,5.0,2.5714285714285716,12,1
12.05,1,5,10,4,3.0,2.0,2.4285714285714284,12,2
10.9,1,6,10,4,1.0,4.0,2.2857142857142856,12,6
10.34,1,6,11,4,3.0,1.0,2.857142857142857,12,5
15.2,1,2,11,4,5.0,4.0,2.4285714285714284,12,1
20.38,1,6,11,4,1.0,1.0,3.0,12,2
15.16,1,4,11,4,5.0,3.0,3.2857142857142856,12,0
9.26,1,4,11,4,5.0,3.0,3.0,12,7
10.5,1,4,12,4,1.0,1.0,3.142857142857143,12,8
25.27,1,5,12,4,2.0,3.0,3.0,12,1
26.61,0,4,12,4,2.0,5.0,2.857142857142857,12,4
2.03,1,4,1,1,4.0,1.0,3.4285714285714284,12,6
24.26,1,5,1,1,5.0,5.0,3.142857142857143,12,2
8.8,1,1,1,1,3.0,5.0,2.7142857142857144,12,8
28.3,1,2,1,1,2.0,1.0,3.142857142857143,12,2
28.88,1,6,1,1,4.0,2.0,3.5714285714285716,12,3
9.26,1,1,2,1,5.0,2.0,3.857142857142857,12,10
23.36,1,3,2,1,4.0,4.0,3.4285714285714284,12,7
9.61,1,3,2,1,1.0,5.0,3.142857142857143,12,8
20.07,0,5,2,1,3.0,3.0,3.4285714285714284,12,1
29.17,0,0,2,1,5.0,2.0,3.5714285714285716,12,10
14.44,1,5,2,1,3.0,4.0,3.5714285714285716,12,7
12.83,1,0,2,1,4.0,5.0,3.142857142857143,12,8
29.57,1,4,3,1,2.0,4.0,3.2857142857142856,12,4
15.54,1,0,3,1,5.0,1.0,3.857142857142857,12,8
13.89,1,0,3,1,5.0,3.0,4.142857142857143,12,8
2.51,1,1,4,2,5.0,5.0,3.5714285714285716,12,9
23.58,1,3,4,2,1.0,3.0,3.4285714285714284,12,5
15.04,1,6,4,2,2.0,4.0,3.5714285714285716,12,0
28.1,1,6,4,2,5.0,2.0,4.0,12,9
27.62,0,5,5,2,5.0,5.0,3.4285714285714284,12,6
10.35,1,6,5,2,1.0,5.0,3.0,12,1
26.83,1,5,5,2,2.0,5.0,3.0,12,8
8.78,1,5,5,2,5.0,1.0,3.2857142857142856,12,9
15.0,0,6,6,2,3.0,2.0,3.7142857142857144,12,8
28.85,1,6,6,2,5.0,5.0,3.2857142857142856,12,5
19.73,1,6,6,2,2.0,5.0,3.0,12,10
6.33,1,4,6,2,3.0,1.0,3.142857142857143,12,10
1.35,0,4,7,3,2.0,2.0,3.2857142857142856,12,3
13.16,1,5,7,3,3.0,5.0,3.0,12,9
9.55,1,6,7,3,3.0,3.0,3.0,12,0
26.92,0,3,7,3,3.0,5.0,3.0,12,8
18.58,1,5,8,3,0.0,0.0,0.0,13,3
8.55,1,0,8,3,5.0,0.0,0.0,13,1
22.94,1,2,9,3,2.0,0.0,0.0,13,4
18.84,1,6,9,3,4.0,0.0,0.0,13,7
10.76,1,5,9,3,4.0,0.0,0.0,13,4
13.35,0,3,9,3,3.0,0.0,0.0,13,9
24.42,0,2,9,3,4.0,0.0,3.7142857142857144,13,8
17.32,1,3,9,3,4.0,5.0,3.4285714285714284,13,10
6.34,1,4,9,3,3.0,2.0,3.2857142857142856,13,4
15.86,1,5,9,3,1.0,4.0,3.2857142857142856,13,9
27.71,0,1,10,4,4.0,4.0,2.857142857142857,13,0
14.11,1,3,10,4,1.0,3.0,2.5714285714285716,13,10
26.2,1,0,10,4,1.0,4.0,2.5714285714285716,13,8
15.49,1,0,10,4,4.0,4.0,2.142857142857143,13,5
5.89,0,1,10,4,1.0,3.0,2.4285714285714284,13,9
4.06,1,2,10,4,5.0,1.0,2.4285714285714284,13,9
29.6,1,3,10,4,1.0,4.0,2.5714285714285716,13,4
24.1,1,5,10,4,5.0,1.0,3.0,13,4
15.15,1,6,11,4,4.0,1.0,3.142857142857143,13,2
14.82,1,6,11,4,2.0,4.0,3.142857142857143,13,10
17.1,1,3,11,4,4.0,1.0,3.2857142857142856,13,2
2.06,1,0,11,4,2.0,5.0,3.0,13,0
21.96,1,1,11,4,3.0,1.0,3.5714285714285716,13,10
28.93,1,2,11,4,5.0,5.0,3.142857142857143,13,10
5.98,1,5,12,4,2.0,4.0,2.7142857142857144,13,6
15.04,1,0,12,4,1.0,2.0,2.7142857142857144,13,4
14.73,0,6,12,4,2.0,4.0,2.7142857142857144,13,8
22.96,1,4,12,4,4.0,2.0,3.0,13,8
16.26,0,4,12,4,4.0,3.0,3.2857142857142856,13,1
8.06,0,3,12,4,5.0,5.0,2.857142857142857,13,2
21.65,1,0,1,1,2.0,2.0,2.7142857142857144,13,4
20.34,1,4,1,1,1.0,1.0,3.2857142857142856,13,4
4.67,1,6,1,1,5.0,2.0,3.142857142857143,13,4
29.71,1,3,1,1,1.0,4.0,2.7142857142857144,13,1
25.1,1,4,1,1,1.0,4.0,2.7142857142857144,13,0
13.61,1,6,1,1,4.0,5.0,2.5714285714285716,13,1
13.94,1,2,2,1,4.0,2.0,2.5714285714285716,13,6
24.52,1,3,2,1,2.0,1.0,3.142857142857143,13,2
8.91,1,5,2,1,5.0,5.0,2.857142857142857,13,2
16.19,1,1,2,1,3.0,1.0,3.0,13,6
8.21,1,6,2,1,2.0,1.0,3.4285714285714284,13,0
22.87,0,2,2,1,4.0,4.0,3.4285714285714284,13,7
4.15,1,5,3,1,4.0,4.0,3.5714285714285716,13,2
18.69,1,3,3,1,5.0,2.0,3.5714285714285716,13,3
7.15,1,2,3,1,2.0,5.0,3.0,13,3
29.69,1,4,3,1,1.0,3.0,3.0,13,1
29.89,0,0,4,2,3.0,2.0,3.2857142857142856,13,4
6.19,0,1,4,2,4.0,4.0,3.142857142857143,13,3
4.27,1,6,5,2,3.0,4.0,3.0,13,9
13.5,1,0,5,2,3.0,5.0,2.4285714285714284,13,2
21.19,1,1,5,2,1.0,2.0,2.5714285714285716,13,8
26.45,1,6,6,2,3.0,1.0,2.857142857142857,13,8
23.16,1,4,7,3,3.0,3.0,2.7142857142857144,13,7
22.26,1,3,7,3,2.0,4.0,2.4285714285714284,13,4
1.18,1,3,7,3,2.0,3.0,2.142857142857143,13,5
21.16,1,3,8,3,1.0,3.0,2.0,13,3
14.95,1,4,8,3,2.0,1.0,2.4285714285714284,13,2
20.66,1,1,8,3,4.0,3.0,2.7142857142857144,13,10
23.67,1,6,8,3,5.0,3.0,3.0,13,5
2.84,0,0,8,3,5.0,2.0,3.0,13,2
1.18,1,6,8,3,2.0,2.0,3.4285714285714284,13,1
24.11,1,0,9,3,5.0,1.0,3.857142857142857,13,2
25.4,1,0,9,3,4.0,2.0,4.0,13,7
11.81,1,0,9,3,3.0,4.0,3.5714285714285716,13,5
22.96,0,6,9,3,1.0,5.0,3.142857142857143,13,10
11.38,1,0,9,3,2.0,5.0,3.142857142857143,13,3
1.14,1,1,9,3,5.0,2.0,3.2857142857142856,13,9
11.28,1,5,9,3,3.0,5.0,2.857142857142857,13,7
12.61,1,5,9,3,2.0,4.0,3.0,13,1
5.58,1,2,10,4,5.0,3.0,3.142857142857143,13,9
1.77,1,6,10,4,4.0,1.0,3.7142857142857144,13,2
7.31,1,5,10,4,5.0,2.0,4.142857142857143,13,2
14.62,0,5,10,4,5.0,5.0,4.142857142857143,13,2
29.19,1,1,10,4,5.0,3.0,3.857142857142857,13,10
2.56,0,1,10,4,1.0,2.0,3.857142857142857,13,10
16.08,1,0,11,4,2.0,5.0,3.857142857142857,13,9
7.98,0,6,11,4,5.0,4.0,4.0,13,3
22.74,1,0,11,4,5.0,5.0,3.7142857142857144,13,2
13.81,1,5,11,4,3.0,5.0,3.142857142857143,13,0
21.7,1,0,12,4,1.0,5.0,2.7142857142857144,13,8
22.2,1,4,12,4,2.0,1.0,2.7142857142857144,13,6
23.05,0,6,12,4,1.0,2.0,2.7142857142857144,13,2
6.74,1,4,12,4,2.0,5.0,2.7142857142857144,13,7
15.93,1,5,12,4,5.0,5.0,2.5714285714285716,13,7
25.52,1,2,1,1,4.0,3.0,2.7142857142857144,13,2
19.09,1,4,1,1,4.0,1.0,3.2857142857142856,13,5
21.75,0,6,1,1,5.0,2.0,3.4285714285714284,13,6
19.02,1,3,2,1,3.0,1.0,3.4285714285714284,13,2
24.06,1,4,2,1,1.0,2.0,3.2857142857142856,13,8
28.8,1,6,2,1,1.0,5.0,2.857142857142857,13,3
12.88,1,4,2,1,2.0,4.0,2.857142857142857,13,0
8.08,1,6,3,1,4.0,4.0,2.4285714285714284,13,2
18.42,1,3,3,1,1.0,5.0,2.2857142857142856,13,7
6.68,1,3,3,1,4.0,3.0,2.5714285714285716,13,1
10.65,1,5,3,1,5.0,1.0,2.5714285714285716,13,6
18.53,0,5,3,1,1.0,1.0,2.857142857142857,13,2
18.39,1,6,4,2,3.0,2.0,3.0,13,0
10.68,0,3,4,2,3.0,4.0,2.857142857142857,13,4
26.2,1,1,4,2,3.0,1.0,3.0,13,0
10.86,1,2,4,2,2.0,4.0,2.5714285714285716,13,0
26.3,1,3,5,2,1.0,5.0,2.0,13,5
9.06,1,4,5,2,1.0,1.0,2.0,13,0
10.08,0,4,5,2,1.0,3.0,2.2857142857142856,13,8
16.44,1,1,5,2,5.0,3.0,2.2857142857142856,13,3
23.03,1,0,5,2,3.0,3.0,2.2857142857142856,13,5
27.38,1,3,5,2,3.0,2.0,2.2857142857142856,13,4
24.42,1,3,5,2,2.0,1.0,2.7142857142857144,13,9
5.46,1,4,6,2,4.0,1.0,2.7142857142857144,13,8
26.36,1,6,6,2,1.0,1.0,2.857142857142857,13,7
17.5,1,0,6,2,2.0,5.0,2.5714285714285716,13,6
20.95,1,4,6,2,3.0,3.0,2.4285714285714284,13,8
13.22,1,1,7,3,2.0,3.0,2.5714285714285716,13,0
29.04,0,5,7,3,4.0,2.0,2.7142857142857144,13,6
13.06,0,4,7,3,3.0,4.0,2.4285714285714284,13,8
28.9,1,5,7,3,2.0,1.0,2.857142857142857,13,5
21.64,1,1,7,3,4.0,2.0,2.857142857142857,13,6
8.24,1,2,7,3,2.0,3.0,3.142857142857143,13,5
16.52,0,4,8,3,5.0,2.0,3.4285714285714284,13,10
27.72,0,5,8,3,0.0,0.0,0.0,14,5
7.54,1,0,8,3,2.0,0.0,0.0,14,6
9.78,1,4,9,3,4.0,0.0,0.0,14,2
15.3,1,1,9,3,3.0,0.0,0.0,14,10
25.4,1,5,9,3,4.0,0.0,0.0,14,1
14.11,1,2,10,4,2.0,0.0,0.0,14,6
20.33,1,3,10,4,5.0,0.0,3.5714285714285716,14,1
12.56,1,5,10,4,5.0,2.0,3.4285714285714284,14,0
19.71,0,1,10,4,1.0,4.0,3.0,14,2
28.38,1,0,10,4,1.0,3.0,2.7142857142857144,14,3
9.5,0,1,11,4,1.0,4.0,2.7142857142857144,14,4
21.2,1,4,11,4,4.0,2.0,3.142857142857143,14,8
10.45,1,5,11,4,5.0,5.0,3.0,14,8
18.77,1,3,12,4,4.0,5.0,2.857142857142857,14,2
14.21,1,2,12,4,4.0,1.0,3.142857142857143,14,9
25.19,0,3,12,4,3.0,1.0,3.4285714285714284,14,10
26.35,1,4,12,4,3.0,1.0,3.5714285714285716,14,5
9.98,1,3,12,4,2.0,4.0,3.142857142857143,14,7
25.67,0,1,12,4,1.0,5.0,2.857142857142857,14,0
28.82,1,2,1,1,3.0,4.0,2.857142857142857,14,7
24.02,1,0,2,1,4.0,4.0,2.5714285714285716,14,6
22.56,1,3,2,1,2.0,3.0,2.4285714285714284,14,1
7.63,1,4,2,1,2.0,3.0,2.142857142857143,14,5
25.14,1,5,2,1,1.0,2.0,2.0,14,6
22.6,1,1,2,1,1.0,1.0,2.4285714285714284,14,5
13.43,1,0,3,1,4.0,3.0,2.7142857142857144,14,2
24.35,1,5,3,1,5.0,4.0,2.2857142857142856,14,4
2.59,1,3,3,1,1.0,2.0,2.5714285714285716,14,2
21.95,0,5,3,1,4.0,2.0,3.0,14,2
11.52,1,2,4,2,5.0,1.0,3.0,14,0
29.93,1,1,4,2,1.0,1.0,3.4285714285714284,14,10
18.65,1,5,4,2,4.0,4.0,3.5714285714285716,14,3
8.68,1,5,4,2,5.0,5.0,3.4285714285714284,14,1
27.95,1,3,5,2,4.0,1.0,4.0,14,3
25.01,1,4,5,2,5.0,4.0,4.0,14,9
12.71,1,0,5,2,4.0,5.0,3.857142857142857,14,0
10.3,1,3,5,2,4.0,1.0,4.0,14,9
24.94,1,3,5,2,2.0,4.0,3.7142857142857144,14,2
2.37,1,2,6,2,2.0,5.0,3.7142857142857144,14,10
29.61,1,4,6,2,5.0,4.0,3.2857142857142856,14,10
5.54,1,6,6,2,1.0,5.0,3.2857142857142856,14,0
27.76,1,0,6,2,5.0,4.0,3.0,14,5
5.34,1,2,6,2,2.0,4.0,2.7142857142857144,14,5
23.69,1,0,6,2,2.0,2.0,3.0,14,10
19.79,1,1,6,2,4.0,2.0,3.4285714285714284,14,7
26.7,1,4,6,2,5.0,5.0,3.0,14,0
22.67,1,5,6,2,2.0,1.0,3.2857142857142856,14,3
10.74,0,2,7,3,3.0,5.0,3.2857142857142856,14,6
19.07,1,0,7,3,5.0,2.0,3.4285714285714284,14,2
4.4,1,1,7,3,3.0,2.0,3.4285714285714284,14,1
